TAGS,Passions,Business tags,Skills (I can help with),Help me with,Introduce me to HASHTAGS,Job Title / Intro me to Dropdown
Academic,,,,,,Y
Accelerator,,Y,,,Y,
Accessibility,,Y,Y,Y,Y,
Accessibility Expert,,,,,,Y
Account Director,,,,,,Y
Account Management,,Y,,,Y,
Account Manager,,,,,,Y
Accountant,,Y,,,,Y
Accounting,,Y,Y,Y,Y,
Accounts Payable,,Y,Y,Y,,Y
Accreditation Board,,Y,,,Y,
Acquisitions ,,,Y,Y,Y,
Acting ,Y,Y,Y,Y,Y,
Acting Coach,,,,,,Y
Actionable Analytics,,Y,Y,Y,Y,
Activism,Y,Y,,,Y,
Activity Based Management,,Y,,,Y,
Actuary,,,,,,Y
ADD,,Y,,,Y,
Addiction Recovery,Y,Y,Y,Y,Y,
Addiction Recovery Worker,,,,,,Y
ADHD,,Y,,,Y,
Administration,,Y,Y,Y,Y,
Administrative Law,,Y,Y,Y,Y,
Administrative Support,,Y,Y,Y,Y,
Administrator,,Y,,,,Y
Adobe Creative Suite,,Y,Y,Y,Y,
Adtech,Y,Y,Y,Y,Y,
Adult Education,,Y,Y,Y,Y,
Advertising,Y,Y,Y,Y,Y,
Advertising platform,,Y,,,Y,
Advertising Sales,,Y,,,Y,
Advisor,,Y,,,,Y
Advisory ,,Y,,,Y,
Advocacy,,Y,,,Y,
Aerial Photography,Y,Y,Y,Y,Y,
Aerial Photographer,,,,,,Y
Aeronotics,Y,Y,Y,Y,Y,
Aerospace,Y,Y,Y,Y,Y,
Affiliate Management,,Y,Y,Y,Y,
Affiliate Marketer,,,,,,Y
Affiliate Marketing,,Y,Y,Y,Y,
Affiliate Programs,,Y,Y,Y,Y,
Afghanistan,,Y,,Y,Y,
Africa,Y,Y,Y,Y,Y,
Africa,,Y,,Y,Y,
Afro Caribbean,,Y,,,Y,
Ageing,Y,Y,Y,Y,Y,
Ageing In Place,,Y,Y,Y,Y,
Agency,,Y,,,Y,
Agent,,Y,,,,Y
Aggregation,,Y,,,Y,
Agile,Y,Y,Y,Y,Y,
Agile Coach,,Y,,,,Y
Agribusiness,,Y,Y,Y,Y,
Agriculture,,Y,Y,Y,Y,
Agroforestry,,Y,Y,Y,Y,
Agronomist,,,,,,Y
Agronomy,,Y,Y,Y,Y,
Air Force Pilot,,Y,,,Y,
Airline,,Y,,,Y,
Airport Management,,Y,,,Y,
Airports,,Y,,,Y,
AJAX,,Y,Y,Y,Y,
Albania,,Y,,Y,Y,
Alcohol,,Y,Y,Y,Y,
Alcoholic Beverages,,Y,,,Y,
Algeria,,Y,,Y,Y,
Algorithm Design,,Y,Y,Y,Y,
Algorithms,Y,Y,Y,Y,Y,
Allergies,,Y,Y,Y,Y,
Alternative Energy,Y,Y,,,Y,
Alternative Fuels,Y,Y,,,Y,
Alternative Investments,,Y,Y,Y,Y,
Alternative Medicine,Y,Y,Y,Y,Y,
Alumni,,Y,Y,Y,Y,
Ambulance,,Y,,,Y,
American Football,Y,Y,Y,Y,Y,
Analysis,,Y,Y,Y,Y,
Analytics,,Y,Y,Y,Y,
Andorra,,Y,,Y,Y,
Android Developer,,,,,,Y
Android Development,,Y,Y,Y,Y,
Angel Investing,Y,Y,Y,Y,Y,
Angel Investor,,Y,,,,Y
Angola,,Y,,Y,Y,
Anguilla,,Y,,Y,Y,
Angular.js,,Y,Y,Y,Y,
Animal Care,Y,Y,Y,Y,Y,
Animal Health,,Y,Y,Y,Y,
Animal Nutrition,,Y,Y,Y,Y,
Animal Welfare,,Y,,,Y,
Animation,Y,Y,Y,Y,Y,
Animator,,,,,,Y
Ansible,,Y,Y,Y,Y,
Antigua & Barbuda,,Y,Y,Y,Y,
Antioxidants,,Y,Y,Y,Y,
Antique Dealer,,,,,,Y
Antiques,Y,Y,Y,Y,Y,
Apache,,Y,Y,Y,Y,
API,,Y,Y,Y,Y,
Apparel,,Y,Y,Y,Y,
Apple,Y,Y,Y,Y,Y,
Application Architecture,,Y,Y,Y,Y,
Application Design,,Y,Y,Y,Y,
Application Development,,Y,Y,Y,Y,
Applied Behavior Analysis,,Y,Y,Y,Y,
Aquaculture,,Y,Y,Y,Y,
Arabic,,Y,Y,Y,Y,
Archery,Y,Y,Y,Y,Y,
Architect,,,Y,Y,,Y
Architectural Drafting,,Y,Y,Y,Y,
Architecture,Y,Y,,,Y,
Archiving,,Y,,,Y,
Arduino,,Y,Y,Y,Y,
Argentina,,Y,,Y,Y,
Armenia,,Y,,Y,Y,
Army Linguist,,,,,,Y
Art,Y,Y,Y,Y,Y,
Art Direction,,Y,Y,Y,Y,
Art Director,,,,,,Y
Articficial Intelligence (AI),Y,Y,Y,Y,Y,
Articles,,Y,,,Y,
Artist Management,,Y,Y,Y,Y,
Artist Manager,,,,,,Y
Artist Representation,,Y,,,Y,
ASP.NET,,Y,Y,Y,Y,
Assessment,,Y,Y,Y,Y,
Asset Management,,Y,Y,Y,Y,
Assistant Chief Constable,,,,,,Y
Assisted Living,,Y,,,Y,
Association,,Y,,,Y,
Asthma,,Y,,,Y,
Astronomy,Y,Y,Y,Y,Y,
Athletic Training,,Y,Y,Y,Y,
Athletics,Y,Y,Y,Y,Y,
Attorney,,,,,,Y
Attribution,,Y,Y,Y,Y,
Auctions,Y,Y,Y,Y,Y,
Audience Measurement,,Y,Y,Y,Y,
Audio,,Y,Y,Y,Y,
Audio & Visual,,Y,Y,Y,Y,
Audio Books,Y,Y,Y,Y,Y,
Audio Editing,,Y,Y,Y,Y,
Audio Engineer,,,,,,Y
Audio Engineering,,Y,Y,Y,Y,
Audio Mixing,,Y,Y,Y,Y,
Audit,,Y,,,Y,
Auditing,,Y,Y,Y,Y,
Augmented Reality (AR),,Y,Y,Y,Y,
Australia,,Y,,Y,Y,
Austria,,Y,,Y,Y,
Autism Spectrum Disorders,,Y,Y,Y,Y,
AutoCAD,,Y,Y,Y,Y,
Automation,,Y,Y,Y,Y,
Automotive,Y,Y,,,Y,
Automotive Repair,,Y,Y,Y,Y,
Aviation,Y,Y,Y,Y,Y,
Aviation Industry,,Y,Y,Y,Y,
Aviation Operations,,Y,Y,Y,Y,
Avionics,,Y,Y,Y,Y,
Awareness,Y,Y,Y,Y,Y,
Awareness Campaigns,,Y,Y,Y,Y,
AWS,,Y,Y,Y,Y,
AWS Expert,,Y,,,,Y
Azerbaijan,,Y,,Y,Y,
B2B,,Y,,,,
Babies,Y,Y,,,Y,
Backend Development,,Y,Y,Y,Y,
Backpacking,Y,Y,,,Y,
Backup,,Y,,,Y,
Backup Solutions,,Y,Y,Y,Y,
Badminton,Y,Y,Y,Y,Y,
Bahamas,,Y,,,Y,
Bahrain,,Y,,,Y,
Baking,Y,Y,Y,Y,Y,
BAME,Y,Y,,Y,Y,
Bangladesh,,Y,,,Y,
Banker ,,,,,,Y
Banking,,Y,Y,Y,Y,
Banking & Accounting,,Y,Y,Y,Y,
Bankruptcy law,,Y,Y,Y,Y,
Banner Ads,,Y,Y,Y,Y,
Barbados,,Y,,Y,Y,
Barista,,,Y,Y,,Y
Barrister,,,,,,Y
Barrister's Clerk,,,,,,Y
Bartending,,Y,Y,Y,Y,
Baseball,Y,Y,Y,Y,Y,
Bash,,Y,Y,Y,Y,
Basketball,Y,Y,Y,Y,Y,
Beauty,,Y,Y,Y,Y,
Beauty Industry,,Y,Y,Y,Y,
Beer,Y,Y,Y,Y,Y,
Behavior Management,,Y,Y,Y,Y,
Behavior Modification,,Y,Y,Y,Y,
Behavioral Health,,Y,Y,Y,Y,
Behavioral Targeting,,Y,Y,Y,Y,
Behavioural Change,,Y,Y,Y,Y,
Being Present,Y,Y,Y,Y,Y,
Belarus,,Y,,Y,Y,
Belgium,,Y,,Y,Y,
Belize,,Y,,Y,Y,
Benefits Administration,,Y,Y,Y,Y,
Bengali,,Y,Y,Y,Y,
Benin,,Y,,Y,Y,
Bermuda,,Y,,Y,Y,
Beta-i,,Y,Y,Y,Y,
Betting,Y,Y,,,Y,
Beverage Industry,,Y,Y,Y,Y,
Beverage Marketing,,Y,Y,Y,Y,
Bhutan,,Y,,Y,Y,
Bicycle,,Y,,,Y,
Big Data,,Y,Y,Y,Y,
Big Data Developer,,,,,,Y
Bill Payments,Y,Y,Y,Y,Y,
Billing Solutions,,Y,Y,Y,Y,
Billing Systems,,Y,Y,Y,Y,
Biochemistry,,Y,Y,Y,Y,
Biofuels,,Y,Y,Y,Y,
Bioinformatics,,Y,Y,Y,Y,
Biology,,Y,Y,Y,Y,
Biomedical Engineering,,Y,Y,Y,Y,
Biometrics,,Y,Y,Y,Y,
Biotech,,Y,Y,Y,Y,
Biotech Research,,Y,Y,Y,Y,
Bitcoin,Y,Y,Y,Y,Y,
Black Business,Y,Y,,Y,Y,
Black Community,Y,Y,,Y,Y,
Black Excellence,Y,Y,,Y,Y,
Black History,Y,Y,,,Y,
Black Lives Matter,Y,Y,,Y,Y,
Black Media,Y,Y,,Y,Y,
Black Men,Y,Y,,Y,Y,
Black Mental Health,Y,Y,,Y,Y,
Black People,Y,Y,,,Y,
Black Power,Y,Y,,Y,Y,
Black Pride,Y,Y,,Y,Y,
Black Therapist,Y,Y,,Y,Y,
Black Women,Y,Y,,Y,Y,
Blackberry,,Y,Y,Y,Y,
Blockchain,Y,Y,Y,Y,Y,
Blog Marketer,,,,Y,,Y
Blog Marketing,,Y,Y,Y,Y,
Blogger,,,,,,Y
Blogger Relations,,Y,Y,Y,Y,
Blogging,Y,Y,Y,Y,Y,
Bluetooth,,Y,,,Y,
Board Director,,,,,,Y
Boats,Y,Y,,Y,Y,
Bodybuilding,Y,Y,Y,Y,Y,
Bolivia,,Y,,Y,Y,
Booking,,Y,,,Y,
Bookkeeping,,Y,Y,Y,Y,
Books,Y,Y,,,Y,
Bootstrap,,Y,,,Y,
Bosnia,,Y,,Y,Y,
Botswana,,Y,,Y,Y,
Bowling,Y,Y,,,Y,
Bowls,Y,Y,,,Y,
Boxing,Y,Y,Y,Y,Y,
Brain Health,Y,Y,Y,Y,Y,
Brand Awareness,,Y,Y,Y,Y,
Brand Communication,,Y,Y,Y,Y,
Brand Development,,Y,Y,Y,Y,
Brand Equity,,Y,Y,Y,Y,
Brand Innovation,,Y,Y,Y,Y,
Brand Loyalty,,Y,Y,Y,Y,
Brand Strategist,,,,,,Y
Branding Expert,,,,Y,,Y
Branding Initiatives,,Y,Y,Y,Y,
Brazil,,Y,,,Y,
Breathing,Y,Y,Y,Y,Y,
Broadcast Journalism,,Y,Y,Y,Y,
Broadcast Production,,Y,Y,Y,Y,
Broadcast Television,,Y,,,Y,
Broadcasting,,Y,Y,Y,Y,
Brochures,,Y,Y,Y,Y,
Broker,,Y,,,,Y
Brokerage,,Y,,,Y,
Browsers,,Y,Y,Y,Y,
Brunei Darussalam,,Y,,Y,Y,
Budget Analysis,,Y,Y,Y,Y,
Budget Management,,Y,Y,Y,Y,
Budgeting,,Y,Y,Y,Y,
Bug Tracking,,Y,Y,Y,Y,
Building & Construction,Y,Y,Y,Y,Y,
Building Control ,,Y,,,,Y
Building Materials,,Y,Y,Y,Y,
Building Surveyor ,,Y,,,,Y
Bulgaria,,Y,,Y,Y,
Burkina Faso,,Y,,Y,Y,
Burundi,,Y,,Y,Y,
Business,Y,,Y,Y,Y,
Business Analysis,,Y,Y,Y,Y,
Business Analyst,,,,,,Y
Business Continuity,,Y,Y,Y,Y,
Business Development,,Y,Y,Y,Y,
Business Intelligence,,Y,Y,Y,Y,
Business Intelligence Tools,,Y,Y,Y,Y,
Business Law,,Y,Y,Y,Y,
Business Management,,Y,Y,Y,Y,
Business Modelling,,Y,Y,Y,Y,
Business Owner,,,,,,Y
Business Planning,,Y,Y,Y,Y,
Business Process,,Y,Y,Y,Y,
Business Solutions,,Y,Y,Y,Y,
Business Strategy,,Y,Y,Y,Y,
Buying,Y,Y,Y,Y,Y,
Buzz Marketing,,Y,Y,Y,Y,
CAD,,Y,Y,Y,Y,
CAD/CAM,,Y,Y,Y,Y,
Cafe,,Y,,,Y,
Calendars,,Y,Y,Y,Y,
Call Center,,Y,,Y,Y,
Cambodia,,Y,,Y,Y,
Cameras,,Y,Y,Y,Y,
Cameroon,,Y,,Y,Y,
Campaign Development,,Y,Y,Y,Y,
Campaign Management,,Y,Y,Y,Y,
Campaign Manager,,,,,,Y
Campaign Strategy,,Y,Y,Y,Y,
Canada,,Y,,Y,Y,
Cancer,,Y,Y,Y,Y,
Cancer Prevention,Y,Y,Y,Y,Y,
Canoeing,Y,Y,Y,Y,Y,
Cape Verde,,Y,,Y,Y,
Capital,,Y,Y,Y,Y,
Capital Markets,,Y,Y,Y,Y,
Career Counseling,,Y,Y,Y,Y,
Career Development,,Y,Y,Y,Y,
Career Management,,Y,Y,Y,Y,
Cars,Y,Y,Y,Y,Y,
Case Studies,,Y,,,,
Cash Flow,,Y,Y,Y,Y,
Cash Management,,Y,Y,Y,Y,
Casting,,Y,Y,Y,Y,
Catering,,Y,Y,Y,Y,
Cause Marketing,,Y,Y,Y,Y,
Cayman Islands,,Y,,Y,Y,
CBD,Y,Y,Y,Y,Y,
CCO,,,,,,Y
CCPA,,Y,Y,Y,Y,
Celebrities,Y,Y,Y,Y,Y,
Cell Culture,,Y,Y,Y,Y,
Cellular,,Y,,,Y,
CEO ,,,,,,Y
CFO ,,,,,,Y
Chad,,Y,,Y,Y,
Challenges,Y,Y,Y,Y,Y,
Change Management,,Y,Y,Y,Y,
Channel Marketing,,Y,Y,Y,Y,
Charitable Giving,Y,Y,,Y,Y,
Charitable Strategy,,Y,Y,Y,Y,
Charity,Y,Y,Y,Y,Y,
Charity Manager,,,,,,Y
Charter Schools,,Y,Y,Y,Y,
Chartered Legal Exec,,,,Y,,Y
Chatbots,,Y,Y,Y,Y,
Chef,,Y,,,,Y
Chemical Engineer,,,,,,Y
Chemistry,,Y,Y,Y,Y,
Chi Gong,Y,Y,Y,Y,Y,
Chi Gong Master,,,,Y,,Y
Chief Engineer,,,,,,Y
Chief Inspector,,,,,,Y
Chief Legal Officer,,,,,,Y
Chief Medical Officer,,,,,,Y
Chief Strategy Officer,,,,,,Y
Chief Superintendent,,,,,,Y
Child Development,Y,Y,Y,Y,Y,
Child Health,Y,Y,Y,Y,Y,
Child Welfare,Y,Y,Y,Y,Y,
Childcare,Y,Y,Y,Y,Y,
Children,Y,Y,Y,Y,Y,
Chile,,Y,,Y,Y,
China,,Y,Y,Y,Y,
Chinese,,Y,Y,Y,Y,
Chiropractic,,Y,Y,Y,Y,
CHRO,,,,,,Y
Chronic Illness,,Y,Y,Y,Y,
Cinematography,Y,Y,Y,Y,Y,
CIO ,,,,,,Y
Circuit Design,,Y,Y,Y,Y,
Cisco,,Y,Y,Y,Y,
Citizenship,,Y,Y,Y,Y,
Civic Engagement,,Y,Y,Y,Y,
Civil / Private Law ,,Y,Y,Y,Y,
Civil Engineer,,,,,,Y
Classroom Instruction,,Y,Y,Y,Y,
Classroom Management,,Y,Y,Y,Y,
Classroom Training,,Y,Y,Y,Y,
Clean Energy,Y,Y,Y,Y,Y,
Cleaning,,Y,Y,Y,Y,
Cleantech,Y,Y,Y,Y,Y,
Climate Change,Y,Y,Y,Y,Y,
Clinical Data Management,,Y,Y,Y,Y,
Clinical Research,,Y,Y,Y,Y,
Clinical Trial Management,,Y,Y,Y,Y,
Clinical Trials,,Y,Y,Y,Y,
CLO ,,,,,,Y
Clojure ,,Y,Y,Y,Y,
Cloud,,Y,Y,Y,Y,
Cloud Architect,,,,,,Y
Cloud Computing,,Y,Y,Y,Y,
Clustering,,Y,Y,Y,Y,
CMO - Chief Medical Officer,,,,,,Y
Co-founder ,,,,,,Y
Co-living,Y,Y,,Y,Y,
Coach,,Y,,,,Y
Coaching,Y,Y,Y,Y,Y,
Coast Guard ,,,Y,Y,,Y
Coffee,Y,Y,Y,Y,Y,
Coffee Shop,,Y,,,Y,
Collaboration,Y,Y,,,,
Collective,,Y,,,Y,
Colombia,,Y,,Y,Y,
Comics,Y,Y,,,Y,
Commercial Airline,,Y,,,Y,
Commercial Property ,,Y,Y,Y,Y,
Common / Case Law,,Y,Y,Y,Y,
Community,Y,Y,,,,
Community Manager,,,,,,Y
Community Outreach,,Y,Y,Y,Y,
Communication,,Y,Y,Y,Y,
Comoros,,Y,,Y,Y,
Company Culture,,Y,Y,Y,Y,
Company Secretary,,,,,,Y
Compassion,Y,Y,Y,Y,Y,
Competitive Analysis,,Y,Y,Y,Y,
Compliance,,Y,Y,Y,,Y
Computer Graphics,Y,Y,Y,Y,Y,
Computer Hardware,,Y,Y,Y,Y,
Confidence,Y,Y,Y,Y,Y,
Congo,,Y,,Y,Y,
Connecting People,Y,Y,,Y,Y,
Connectivity,,Y,Y,,,
Consciousness,Y,Y,Y,Y,Y,
Conservation ,Y,Y,Y,Y,Y,
Constitutional Law,,Y,Y,Y,Y,
Construction,Y,Y,Y,Y,Y,
Consultancy,,Y,Y,Y,Y,
Consultant,,,,,,Y
Consumer Behavior,,Y,Y,Y,Y,
Consumer Durables,,Y,Y,Y,Y,
Consumer finance,,Y,Y,Y,Y,
Content Acquisition,,Y,Y,Y,Y,
Content Aggregation,,Y,Y,Y,Y,
Content Producer,,,,,,Y
Contract law,,Y,Y,Y,Y,
Contract Management,,Y,Y,Y,Y,
Contract Negotiation,,Y,Y,Y,Y,
Contract Negotiator,,Y,,,,Y
Contracts,,Y,Y,Y,Y,
Conversational Skills,,Y,Y,Y,Y,
COO,,,,,,Y
Cooking,,Y,Y,Y,Y,
Copyright Law,,Y,Y,Y,Y,
Copywriter,,,,,,Y
Copywriting,,Y,Y,Y,Y,
Coroner,,Y,,,Y,
Corporate Branding,,Y,Y,Y,Y,
Corporate Development,,Y,Y,Y,Y,
Corporate Events,,Y,Y,Y,Y,
Corporate Finance,,Y,Y,Y,Y,
Corporate Identity,,Y,Y,Y,Y,
Corporate Law,,Y,Y,Y,Y,
Cost Management ,,Y,Y,Y,Y,
Costa Rica,,Y,,Y,Y,
Counter Service,,Y,Y,Y,,Y
Court Clerk,,Y,,,,Y
Court Reporter,,Y,,,Y,
Coworking,Y,Y,Y,Y,Y,
Coworking Space,,Y,Y,Y,Y,
Crafts,Y,Y,Y,Y,Y,
Creativity,Y,,Y,Y,Y,
Creative Concept Development,,Y,Y,Y,Y,
Creative Development,,Y,Y,Y,Y,
Creative Direction,,Y,Y,Y,Y,
Creative Director,,,,,,Y
Creative Problem Solving,Y,Y,Y,Y,Y,
Creative Services,,Y,Y,Y,Y,
Creative Strategy,,Y,Y,Y,Y,
Creative Writing,,Y,Y,Y,Y,
Credit,,Y,Y,Y,Y,
Credit & Collections,,,Y,Y,Y,
Credit Analysis,,Y,Y,Y,Y,
Credit Card Processing,,Y,Y,Y,Y,
Credit Cards,,Y,Y,Y,Y,
Credit Risk,,Y,Y,Y,Y,
Credit Unions,,Y,Y,Y,Y,
Cricket,Y,Y,Y,Y,Y,
Criminal Law,,Y,Y,Y,Y,
CRM Software,,Y,Y,Y,Y,
CRM Developer,,,,,,Y
Croatia,,Y,,Y,Y,
Cross-platform Development,,Y,Y,Y,Y,
Crossmedia,,Y,Y,Y,Y,
Crowdfunding,,Y,Y,Y,Y,
Crowdsourcing,,Y,Y,Y,Y,
Crtical Thinking,Y,Y,Y,Y,Y,
Cruises,,Y,Y,Y,Y,
Cryptography,,Y,Y,Y,Y,
CSO,,,,,,Y
CSR,,Y,Y,Y,Y,
CTO,,,,,,Y
Cuba,,Y,,Y,Y,
Culinary,,Y,,Y,Y,
Cultural Awareness,,Y,Y,Y,Y,
Cultural Diversity,Y,Y,Y,Y,Y,
Cultural Transformation,,Y,Y,Y,Y,
Cultures,,Y,Y,Y,Y,
Curating,,Y,Y,Y,Y,
Curling,Y,Y,Y,Y,Y,
Currency,,Y,Y,Y,Y,
Curriculum Design,,Y,Y,Y,Y,
Curriculum Development,,Y,Y,Y,Y,
Curriculum Planning,,Y,Y,Y,Y,
Customer Acquisition,,Y,Y,Y,Y,
Customer Experience,,Y,Y,Y,Y,
Customer Feedback,,Y,Y,Y,Y,
Customer Focus,,Y,Y,Y,Y,
Customer Relations,,Y,Y,Y,Y,
Customer Retention,,Y,Y,Y,Y,
Customer Satisfaction,,Y,Y,Y,Y,
Customer Service,Y,Y,Y,Y,,Y
Customer Services Director,,,,,,Y
Customer Services Manager,,,,,,Y
Customisation,,Y,Y,Y,Y,
CVC,,Y,,,,
Cyber Security,Y,Y,Y,Y,Y,
Cyber Security Consultant,,,,,,Y
Cybercrime,Y,Y,Y,Y,Y,
Cycling,Y,Y,Y,Y,Y,
Cyprus,,Y,,,,Y
Czech Republic,,Y,,Y,Y,
Dance ,Y,Y,Y,Y,Y,
Dance Instruction,,Y,Y,Y,Y,
Darts,Y,Y,Y,Y,Y,
Dashboards,,Y,Y,Y,Y,
Data & Analytics,,Y,Y,Y,Y,
Data Acquisition,,Y,Y,Y,Y,
Data Aggregation,,Y,Y,Y,Y,
Data Analysis,,Y,Y,Y,Y,
Data Center,,Y,Y,Y,Y,
Data Collection,,Y,Y,Y,Y,
Data Entry,,Y,Y,Y,Y,
Data Management,,Y,Y,Y,Y,
Data Mining,,Y,Y,Y,Y,
Data Modeling,,Y,Y,Y,Y,
Data Protection,,Y,Y,Y,Y,
Data Science,,Y,Y,Y,Y,
Data Scientist ,,,,,,Y
Data Storage,,,,Y,Y,
Data Visualisation,,Y,Y,Y,Y,
Data Warehousing,,Y,Y,Y,Y,
Database Administration,,Y,Y,Y,Y,
Database Administrator,,,,,,Y
Database Design,,Y,Y,Y,Y,
Database Designer,,,,,,Y
Database Management,,Y,Y,Y,Y,
Databases,,Y,Y,Y,Y,
Day Trader,,Y,,,,Y
DCMS,,Y,,,Y,
Deal Making,,Y,Y,Y,Y,
Deal Sourcing,,Y,Y,Y,Y,
Deals,,Y,Y,Y,Y,
Dean,,,,,,Y
Debit Cards,,Y,Y,Y,Y,
Debt Management,,Y,Y,Y,Y,
Decision Making,Y,Y,Y,Y,Y,
Decision Support,,Y,Y,Y,Y,
Deep Sleep,Y,Y,Y,Y,Y,
Defense,,Y,Y,Y,Y,
Delivering,,Y,Y,Y,Y,
Dementia,Y,Y,Y,Y,Y,
Denmark,,Y,,Y,Y,
Dentist,,Y,,,,Y
Dentistry,,Y,Y,Y,Y,
Deployment,,Y,Y,Y,Y,
Depression,Y,Y,Y,Y,Y,
Deputy Chief Constable,,,,,,Y
Derivatives,,Y,Y,Y,Y,
Derivatives Trading,,,Y,Y,Y,
Design Consultancy,,Y,,Y,Y,
Design Director,,,,,,Y
Design of Experiments,,Y,Y,Y,Y,
Design Patterns,,Y,Y,Y,Y,
Designer,,,,,,Y
Desktop Publishing,,Y,Y,Y,Y,
Desktop Developer,,,,,,Y
Desktop Development,,Y,Y,Y,Y,
Development Tools,,Y,Y,Y,Y,
DevOps Developer,,,,,,Y
DevOps,,Y,Y,Y,Y,
Diabetes,Y,Y,Y,Y,Y,
Diagnostics,,Y,Y,Y,Y,
Diet,Y,Y,Y,Y,Y,
Digital Design,,Y,Y,Y,Y,
Digital Electronics,,Y,Y,Y,Y,
Digital Illustrator,,,,,,Y
Digital Marketer,,,,,,Y
Digital Marketing,,Y,Y,Y,Y,
Digital Media,,Y,Y,Y,Y,
Digital Photography,,Y,Y,Y,Y,
Digital Printing,,Y,Y,Y,Y,
Digital Sales & Marketing,,Y,Y,Y,Y,
Digital Signage,,Y,Y,Y,Y,
Digital Strategist,,,,,,Y
Digital Strategy,,Y,Y,Y,Y,
Digital Video,,Y,Y,Y,Y,
Direct Mail ,,Y,Y,Y,Y,
Direct Marketing,,Y,Y,Y,Y,
Direct Sales,,Y,Y,Y,Y,
Director,,,,,,Y
Disability law,,Y,Y,Y,Y,
Disability Sport,Y,Y,Y,Y,Y,
Disaster Recovery,,Y,Y,Y,Y,
Disruptor,,Y,,Y,Y,
Distributed Systems,,Y,Y,Y,Y,
Distribution,,Y,Y,Y,Y,
Diversity,Y,Y,Y,Y,Y,
Diving,Y,Y,Y,Y,Y,
DJ,Y,Y,Y,Y,,Y
Django,,Y,Y,Y,Y,
Djibouti,,Y,,Y,Y,
DNA sequencing,,Y,Y,Y,Y,
DNS,,Y,Y,Y,Y,
Doctor,,,,,,Y
Document Management,,Y,Y,Y,Y,
Documentaries,Y,Y,Y,Y,Y,
Documentation,,Y,Y,Y,Y,
Dog Training,,Y,Y,Y,Y,
Dogs,Y,Y,Y,Y,Y,
Domain Registration,Y,Y,Y,Y,Y,
Domestic Trade,,Y,Y,Y,Y,
Dominica,,Y,,Y,Y,
Dominican Republic,,Y,,Y,Y,
Donations,,Y,,Y,Y,
Donor Management,,Y,Y,Y,Y,
Donor Relations,,Y,Y,Y,Y,
Donor Research,,Y,Y,Y,Y,
Dope Black Dads,Y,Y,,Y,Y,
Drama,Y,Y,Y,Y,Y,
Drawing,Y,Y,Y,Y,Y,
Drawing Software,,Y,Y,Y,Y,
Dreams,Y,Y,Y,Y,Y,
Dreamweaver,,Y,Y,Y,Y,
Driving,Y,Y,Y,Y,Y,
Drones,Y,Y,Y,Y,Y,
Drop Shipping,Y,Y,Y,Y,Y,
Drug Delivery,,Y,Y,Y,Y,
Drug Design,,Y,Y,Y,Y,
Drug Development,,Y,Y,Y,Y,
Drug Discovery,,Y,Y,Y,Y,
Drupal,,Y,Y,Y,Y,
Due Diligence,,Y,Y,Y,Y,
Durable Medical Equipment,,Y,Y,Y,Y,
Early Childhood Education,,Y,Y,Y,Y,
Ebooks,,Y,Y,Y,Y,
EC2,,Y,Y,Y,Y,
Ecological Design,,Y,Y,Y,Y,
Ecology,,Y,Y,Y,Y,
Ecommerce,,Y,,Y,Y,
eCommunications,,Y,Y,Y,Y,
Economic Development,,Y,Y,Y,Y,
Economics,,Y,Y,Y,Y,
Ecotourism,,Y,Y,Y,Y,
Ecuador,,Y,,Y,Y,
Education,Y,Y,Y,Y,Y,
Educational Psychologist,,Y,,,,Y
Efficiency Improvement,,Y,Y,Y,Y,
Egypt,,Y,,Y,Y,
eHealth,,Y,Y,Y,Y,
El Salvador,,Y,,Y,Y,
Elastic Search,,Y,Y,Y,Y,
Elder Care,,Y,Y,Y,Y,
Electric Vehicles,,Y,Y,Y,Y,
Electrical,,Y,,,Y,
Electrical Engineer,,,,,,Y
Electrical Engineering,,Y,Y,Y,Y,
Electronic Circuit Design,,Y,Y,Y,Y,
Electronics,,Y,Y,Y,Y,
Elementary Education,,Y,Y,Y,Y,
Email Archiving,,Y,Y,Y,Y,
Email Design,,Y,Y,Y,Y,
Email Hosting,,Y,Y,Y,Y,
Email Management,,Y,Y,Y,Y,
Email Marketing,,Y,Y,Y,Y,
Email Solutions,,Y,Y,Y,Y,
Embedded C,,Y,Y,Y,Y,
Embedded Linux,,Y,Y,Y,Y,
Embedded Software,,Y,Y,Y,Y,
Embedded Systems,,Y,Y,Y,Y,
Embedded Developer,,,,,,Y
Embroidery,,Y,Y,Y,Y,
Emergency Management,,Y,Y,Y,Y,
Emergency Room,,Y,,Y,Y,
Emergency Services ,,Y,,Y,Y,
Emerging Markets,,Y,Y,Y,Y,
Emerging Technologies,,Y,Y,Y,Y,
Empathy,Y,,Y,Y,Y,
Employee Benefits,,Y,Y,Y,Y,
Employee Engagement,,Y,Y,Y,Y,
Employee Relations,,Y,Y,Y,Y,
Employer Branding,,Y,Y,Y,Y,
Employment,,Y,Y,Y,Y,
Employment Discrimination,,Y,Y,Y,Y,
Employment Law,,Y,Y,Y,Y,
Encryption,,Y,Y,Y,Y,
Energy,,Y,Y,Y,Y,
Energy Audits,,Y,Y,Y,Y,
Energy Conservation,,Y,Y,Y,Y,
Energy Efficiency,,Y,Y,Y,Y,
Energy Management,,Y,Y,Y,Y,
Energy Trading,,Y,Y,Y,Y,
Engagement,,Y,Y,Y,Y,
Engagement Manager,,,,,,Y
Engineer,,,,,,Y
Engineering,,Y,Y,Y,Y,
English,,Y,Y,Y,Y,
Enterprise Account Exec,,,,,,Y
Enterprise Architecture,,Y,Y,Y,Y,
Enterprise Content Management,,Y,Y,Y,Y,
Enterprise Software,,Y,Y,Y,Y,
Entertainer,,Y,,,,Y
Entertainment,,Y,Y,Y,Y,
Entrepreneur,,Y,,,,Y
Entrepreneurship,Y,,Y,Y,Y,
Environment ,Y,Y,Y,Y,Y,
Environmental Compliance,,Y,Y,Y,Y,
Environmental Design,,Y,Y,Y,Y,
Environmental Education,,Y,Y,Y,Y,
Environmental Impact Assessment,,Y,Y,Y,Y,
Environmental Law,,Y,Y,Y,Y,
Environmental Management,,Y,Y,Y,Y,
Epigenetics,,Y,Y,Y,Y,
Equal Opportunities,,Y,Y,Y,Y,
Equatorial Guinea,,Y,,Y,Y,
Equities,,Y,Y,Y,Y,
Equity Law,,Y,Y,Y,Y,
Equity Offerings,,Y,Y,Y,Y,
Equity Research,,Y,Y,Y,Y,
Equity Trading,,Y,Y,Y,Y,
Ergonomics,,Y,Y,Y,Y,
Eritrea,,Y,,Y,Y,
ERP,,Y,Y,Y,Y,
ERP design,,Y,Y,Y,Y,
ERP/CRM,,Y,Y,Y,Y,
Escrow,,Y,Y,Y,Y,
ESL,,Y,Y,Y,Y,
Estate Planning,,Y,Y,Y,Y,
Estates Management ,,Y,Y,Y,Y,
Estonia,,Y,,Y,Y,
Eswatini,,Y,,Y,Y,
Ethical Hacking,,Y,Y,Y,Y,
Ethiopia,,Y,,Y,Y,
EU,,Y,Y,Y,Y,
Evaluation,,Y,Y,Y,Y,
Event Coverage,,Y,Y,Y,Y,
Event Execution,,Y,Y,Y,Y,
Event Management,,Y,Y,Y,Y,
Event Manager,,Y,,,,Y
Event Marketing,,Y,Y,Y,Y,
Event Photograper,,,,,,Y
Event Photography,,Y,Y,Y,Y,
Event Planner,,,,,,Y
Event Planning,,Y,Y,Y,Y,
Events,,Y,Y,Y,Y,
Excel,,Y,Y,Y,Y,
Excel Expert,,,,,,Y
Exchange Connectivity,,Y,Y,Y,Y,
Exercise,,,Y,Y,Y,
Exhibition,,Y,Y,Y,Y,
Expense Reduction,,Y,Y,Y,Y,
Experience Design,,Y,Y,Y,Y,
Experiential Marketing,,Y,Y,Y,Y,
Exploration,,Y,Y,Y,Y,
Export,,Y,Y,Y,Y,
Eye Tracking,,Y,Y,Y,Y,
Eyewear,Y,Y,Y,Y,Y,
Facebook API,,Y,Y,Y,Y,
Facilities Management ,,Y,Y,Y,Y,
Factory,,Y,,Y,Y,
Facebook,,Y,Y,Y,Y,
Fairtrade,Y,Y,Y,Y,Y,
Family Business,,Y,Y,Y,Y,
Family Law,,Y,Y,Y,Y,
Family Medicine,,Y,Y,Y,Y,
Family Planning,,Y,Y,Y,Y,
Family Services,,Y,Y,Y,Y,
Family Therapy,,Y,Y,Y,Y,
Farms,,Y,Y,Y,Y,
Fashion,,Y,Y,Y,Y,
Fashion Design,Y,Y,Y,Y,Y,
Fashion Designer,,,,,,Y
Fashion Illustration,,Y,Y,Y,Y,
Fashion Marketing,,Y,Y,Y,Y,
Fashion Photographer,,,,,,Y
Fashion Photography,,Y,Y,Y,Y,
Fashion Retail,,Y,Y,Y,Y,
Fashion Shows,,Y,Y,Y,Y,
Fashion Writer,,,,,,Y
Fashion Writing,,Y,Y,Y,Y,
Fast Food,Y,Y,Y,Y,Y,
Fasting,Y,Y,Y,Y,Y,
Feature Films,Y,Y,Y,Y,Y,
Feedback,,Y,Y,Y,Y,
Fencing,Y,Y,Y,Y,Y,
Fertilisers,,Y,,,Y,
Fertility,,Y,Y,Y,Y,
Fertilizers,,Y,Y,Y,Y,
Festivals,Y,Y,Y,Y,Y,
Fiction,Y,Y,,,Y,
Fiji,,Y,,Y,Y,
Film,Y,Y,Y,Y,Y,
Film Editing,,Y,Y,Y,Y,
Film Festivals,,Y,Y,Y,Y,
Film Maker,,Y,,,,Y
Film output,,Y,Y,Y,Y,
Film Producer,,Y,,,,Y
Film Production,,Y,Y,Y,Y,
Film Scoring,,Y,Y,Y,Y,
Film/Video Editor,,,,,,Y
Filmmaker,,Y,,,,Y
Final Cut Pro,,Y,Y,Y,Y,
Finance Director,,,,,,Y
Financial Accounting,,Y,Y,Y,Y,
Financial Advisory,,Y,Y,Y,Y,
Financial Aid,,Y,Y,Y,Y,
Financial Analysis,,Y,Y,Y,Y,
Financial Management,,Y,Y,Y,Y,
Financial Modeling,,Y,Y,Y,Y,
Financial Planning,,Y,Y,Y,Y,
Financial Reporting,,Y,Y,Y,Y,
Financial Services,,Y,,,,Y
Fine Art,Y,Y,Y,Y,Y,
Finland,,Y,,Y,Y,
Fintech security,,Y,Y,Y,Y,
Fintech startup,,Y,Y,Y,Y,
Fire Fighting,,Y,,Y,Y,
First Aid,,Y,Y,Y,Y,
Fishing,Y,Y,Y,Y,Y,
Fitness,Y,Y,Y,Y,Y,
Fitness Training,,Y,Y,Y,Y,
Flash,,Y,Y,Y,Y,
Flash Games,,Y,Y,Y,Y,
Flask,,Y,Y,Y,Y,
Fleet Management,,Y,Y,Y,Y,
Flight Operations,,Y,Y,Y,Y,
Flight Planning,,Y,Y,Y,Y,
Flights,,Y,Y,Y,Y,
Flowers,Y,Y,Y,Y,Y,
Focus,Y,Y,Y,Y,Y,
Focus Groups,,Y,Y,Y,Y,
Food,Y,Y,Y,Y,Y,
Food & Beverage,,Y,Y,Y,Y,
Food Allergies,,Y,Y,Y,Y,
Food Industry,,Y,Y,Y,Y,
Food Pairing,,Y,Y,Y,Y,
Food Photographer,,,,,,Y
Food Photography,,Y,Y,Y,Y,
Food Processing,,Y,Y,Y,Y,
Food Safety,,Y,Y,Y,Y,
Food Science,,Y,Y,Y,Y,
Food Service,,Y,Y,Y,Y,
Food Styling,,Y,Y,Y,Y,
Football,Y,Y,Y,Y,Y,
Footwear,Y,Y,Y,Y,Y,
Forecasting,,Y,Y,Y,Y,
Forensic Psychologist,,,,,,Y
Forex trading,,Y,Y,Y,Y,
Formula 1,Y,Y,Y,Y,Y,
Forums,,Y,Y,Y,Y,
Founder,,Y,,Y,,Y
Founder/CEO,,,,,,Y
Fragrances,Y,Y,,Y,Y,
France,,Y,,Y,Y,
Franchising,,Y,Y,Y,Y,
Freelance,,Y,,Y,Y,
Freight Forwarding,,Y,Y,Y,Y,
French,,Y,Y,Y,Y,
French Guiana,,Y,,Y,Y,
Friendship,Y,Y,Y,Y,Y,
Front-end Dev,,Y,,,,Y
Fruit,,Y,,,Y,
Fuel,,Y,Y,Y,Y,
Fuel Cells,,Y,Y,Y,Y,
Fulfillment,,Y,Y,Y,Y,
Full Stack Developer,,,,,,Y
Full Stack Development,Y,Y,Y,Y,Y,
Fun,Y,Y,Y,Y,Y,
Funding,,Y,Y,Y,Y,
Fundraiser,,Y,,,,Y
Fundraising,,Y,Y,Y,Y,
Furniture,Y,Y,Y,Y,Y,
Future Of Work,,,Y,Y,Y,
Futures,,Y,Y,Y,Y,
Gabon,,Y,,Y,Y,
Gaelic Games,Y,Y,Y,Y,Y,
Galleries,Y,Y,Y,Y,Y,
Gambia,,Y,,Y,Y,
Game Design,Y,Y,Y,Y,Y,
Game Development,,Y,Y,Y,Y,
Game Developer,,,,,,Y
Game Programming,,Y,Y,Y,Y,
Game Theory,,Y,Y,Y,Y,
Gameplay,,Y,Y,Y,Y,
Gameplay Programming,,Y,Y,Y,Y,
Gaming,Y,Y,Y,Y,Y,
Gaming Industry,,Y,,Y,Y,
Garden Design,,Y,Y,Y,Y,
Gardening,Y,Y,Y,Y,Y,
Gas,,Y,,Y,Y,
Gastronomy,,Y,Y,Y,Y,
GDPR,,Y,Y,Y,Y,
Gender Equality,Y,Y,,Y,Y,
Gender Studies,,Y,,Y,Y,
General Counsel,,Y,,,,Y
General Practice ,,Y,Y,Y,Y,
Genetics,Y,Y,,Y,Y,
Genomics,,Y,Y,Y,Y,
Geography,,Y,Y,Y,Y,
Geolocation,,Y,,Y,Y,
Geomarketing,,Y,Y,Y,Y,
Geomatics ,,Y,Y,Y,Y,
Georgia,,Y,,Y,Y,
Geoscience Professional,,,,,,Y
Geospatial,,Y,Y,Y,Y,
Geotechnical Engineer,,,,,,Y
Geothermal,,Y,Y,Y,Y,
German,,Y,Y,Y,Y,
Germany,,Y,,Y,Y,
Ghana,,Y,,Y,Y,
GIG Economy,,Y,,,,
Gift Cards,,Y,,,Y,
Gifts,,Y,,,Y,
GIS,,Y,Y,Y,Y,
Git,,Y,Y,Y,Y,
Global Business Development,,Y,Y,Y,Y,
Global Delivery,,Y,Y,Y,Y,
Global Health,,Y,Y,Y,Y,
Global Logistics,,Y,Y,Y,Y,
Global Marketing,,Y,Y,Y,Y,
Global Operations,,Y,Y,Y,Y,
Global Sourcing,,Y,Y,Y,Y,
Global Strategy,,Y,Y,Y,Y,
Globalisation,,Y,Y,Y,Y,
Gold Instructor,,,,,,Y
Golf,Y,Y,Y,Y,Y,
Golf Courses,,Y,Y,Y,Y,
Golf Instruction,,Y,Y,Y,Y,
Golf Instructor,,Y,,,,Y
Google,,Y,Y,Y,Y,
Google Adwords,,Y,Y,Y,Y,
Google Analytics,,Y,Y,Y,Y,
Google App Engine,,Y,Y,Y,Y,
Google Apps,,Y,Y,Y,Y,
Google Expert,,,,,,Y
Google Maps,,Y,Y,Y,Y,
Gourmet,,Y,Y,Y,Y,
Governance,,Y,Y,Y,Y,
Government,,Y,,Y,Y,
Government Affairs,,Y,Y,Y,Y,
Government Agencies,,Y,Y,Y,Y,
Government Contracts,,Y,,Y,Y,
Government Relations,,Y,Y,Y,Y,
GPS,,Y,Y,Y,Y,
GPS Tracking,,Y,Y,Y,Y,
Graduate,,,,,,Y
Graduate Recruitment,,Y,Y,Y,Y,
Graetefulness,Y,Y,Y,Y,Y,
Grants,,Y,Y,Y,Y,
Graphic Design,,Y,Y,Y,Y,
Graphic Designer,,Y,,,,Y
Graphic Developer,,,,,,Y
Graphics,,Y,Y,Y,Y,
Graphics Software,,Y,Y,Y,Y,
Great Britain,,Y,,Y,Y,
Greece,,Y,,Y,Y,
Green,,Y,,,Y,
Green Building,,Y,Y,Y,Y,
Green Energy,,Y,Y,Y,Y,
Green IT,,Y,Y,Y,Y,
Green Living,Y,Y,Y,Y,Y,
Green Technology,,Y,Y,Y,Y,
Grenada,,Y,,Y,Y,
Group Benefits,,Y,Y,Y,Y,
Groups,,Y,Y,Y,Y,
Growth,,Y,Y,Y,Y,
Growth & Scale,,Y,Y,Y,Y,
Growth Hacker,,Y,,,,Y
Growth Hacking,,Y,Y,Y,Y,
GSM,,Y,Y,Y,Y,
Guadeloupe,,Y,,Y,Y,
Guatemala,,Y,,Y,Y,
Guides,,Y,Y,Y,Y,
Guild,,Y,,,,
Guinea,,Y,,Y,Y,
Guinea-Bissau,,Y,,Y,Y,
Gut Health,Y,Y,Y,Y,Y,
Guyana,,Y,,Y,Y,
Gymnastics,Y,Y,Y,Y,Y,
Hacking,Y,Y,Y,Y,Y,
Hadoop,,Y,Y,Y,Y,
Hair Care,Y,Y,Y,Y,Y,
Haiti,,Y,,Y,Y,
Handball,Y,Y,Y,Y,Y,
Happiness,Y,Y,Y,Y,Y,
Hardware,,Y,Y,Y,Y,
Hardware Design,,Y,Y,Y,Y,
Hardware Designer,,,,,,Y
Hardware Development,,Y,Y,Y,Y,
Hardware Support,,Y,Y,Y,Y,
Hazardous Waste Management,,Y,,Y,Y,
Head of Department,,,,,,Y
Healer,,Y,Y,Y,,Y
Healing,,Y,Y,Y,Y,
Health,Y,Y,Y,Y,Y,
Health Economics,,Y,Y,Y,Y,
Health Education,,Y,Y,Y,Y,
Health Insurance,,Y,Y,Y,Y,
Health Issues,,Y,Y,Y,Y,
Healthcare,,Y,Y,Y,Y,
Healthcare IT,,Y,Y,Y,Y,
Healthcare Management,,Y,Y,Y,Y,
Healthcare Specialist,,Y,,,,Y
Heart Failure,,Y,,Y,Y,
Hedge Fund,,Y,Y,Y,Y,
Hedge Fund Expert,,,,,,Y
Help Desk Management,,Y,Y,Y,Y,
Herbal Medicine,,Y,Y,Y,Y,
High Performance Computing,,Y,Y,Y,Y,
Higher Education,,Y,Y,Y,Y,
Hiking,Y,Y,Y,Y,Y,
Hindi,,Y,Y,Y,Y,
HIPAA,,Y,Y,Y,Y,
Hiring,,Y,Y,Y,Y,
Hiring Practices,,Y,Y,Y,Y,
History,Y,Y,Y,Y,Y,
HLS,,Y,Y,Y,Y,
Hockey,Y,Y,Y,Y,Y,
Holiday Homes,,Y,,Y,Y,
Holistic Health,Y,Y,Y,Y,Y,
Home Care,,Y,Y,Y,Y,
Home Decor,Y,Y,Y,Y,Y,
Home Decor,Y,Y,Y,Y,Y,
Honduras,,Y,,Y,Y,
Hong Kong,,Y,,Y,Y,
Horse Racing,Y,Y,Y,Y,Y,
Horses,Y,Y,Y,Y,Y,
Horticulture,,Y,Y,Y,Y,
Hospital Operations,,Y,Y,Y,Y,
Hospitality,Y,Y,Y,Y,Y,
Hospitality Industry,,Y,,Y,Y,
Hospitality Management,,Y,Y,Y,Y,
Hospitals,,Y,,Y,Y,
Hosted Services,,Y,Y,Y,Y,
Hosting,,Y,Y,Y,Y,
Hotel,,Y,,Y,Y,
Hotel Design,,Y,Y,Y,Y,
Hotel Management,,Y,Y,Y,Y,
Housing,,Y,Y,Y,Y,
Housing Discrimination,,Y,Y,Y,Y,
HR Consulting,,Y,Y,Y,Y,
HR Expert,,,,,,Y
HR Management,,Y,Y,Y,Y,
HR Policies,,Y,Y,Y,Y,
HR Solutions,,Y,Y,Y,Y,
HR Strategy,,Y,Y,Y,Y,
HR Transformation,,Y,Y,Y,Y,
HRIS,,Y,Y,Y,Y,
HTML,,Y,Y,Y,Y,
HTML + CSS,,Y,Y,Y,Y,
HTML5,,Y,Y,Y,Y,
HTTP Live Streaming,,Y,Y,Y,Y,
Human Capital Management,,Y,Y,Y,Y,
Human Relations,,Y,Y,Y,Y,
Human Resources,,Y,Y,Y,Y,
Human Rights,Y,Y,Y,Y,Y,
Human-computer Interaction,,Y,Y,Y,Y,
Hungary,,Y,,Y,Y,
Hunting,,Y,Y,Y,Y,
Hygiene,,Y,Y,Y,Y,
Hypertension,,Y,Y,Y,Y,
Hypnosis,,Y,Y,Y,Y,
iBeacon,,Y,Y,Y,Y,
Ice Cream,,Y,Y,Y,Y,
Ice Hockey,Y,Y,Y,Y,Y,
Iceland,,Y,,Y,Y,
ICT,,Y,Y,Y,Y,
Idea Generation,,Y,Y,Y,Y,
Ideation,Y,Y,Y,Y,Y,
Identity,,Y,Y,Y,Y,
Identity Management,,Y,Y,Y,Y,
Illusion,,Y,Y,Y,Y,
Illustration,Y,Y,Y,Y,Y,
Illustrator,,,,,,Y
Image,,Y,Y,Y,Y,
Image Analysis,,Y,Y,Y,Y,
Image Processing,,Y,Y,Y,Y,
Image Retoucher,,,,,,Y
Image Retouching,,Y,Y,Y,Y,
Imaging,,Y,Y,Y,Y,
Immigration Assistant,,,,Y,,Y
Impact Investment,,,Y,Y,Y,
Import,,Y,Y,Y,Y,
Import/Export,,Y,Y,Y,Y,
Incentives Consultancy,,Y,,Y,Y,
Inclusion,Y,Y,Y,Y,Y,
Incubator,,Y,,Y,Y,
Independent Record Label,,Y,,Y,Y,
India,,Y,,Y,Y,
Indonesia,,Y,,Y,Y,
Indonesian,,Y,Y,Y,Y,
Inflammation,Y,Y,Y,Y,Y,
Influencer,,Y,,Y,Y,
Information Architecture,,Y,,Y,Y,
Information Architect,,,,,,Y
Information Architecture,,Y,Y,Y,Y,
Infrastructure ,,Y,Y,Y,Y,
Innovation,Y,Y,Y,Y,Y,
Innovation Centre,,Y,,Y,Y,
Innovation Scaling Consultancy,,Y,,Y,Y,
Innovative Thinking,,Y,Y,Y,Y,
Inspector,,,,,,Y
Instructional Design,,Y,Y,Y,Y,
Insurance,,Y,Y,Y,Y,
Insurance Expert,,,,,,Y
Instagram,,Y,Y,Y,Y,
Integration,,Y,Y,Y,Y,
Intellectual Property (IP) Law,,Y,Y,Y,Y,
Interaction Design,,Y,Y,Y,Y,
Interactive TV,,Y,Y,Y,Y,
Interior Design,,Y,Y,Y,Y,
Interior Designer,,Y,,,,Y
Internal Communications,,Y,Y,Y,Y,
International Business,,Y,Y,Y,Y,
International Education,,Y,Y,Y,Y,
International Human Rights,Y,Y,Y,Y,Y,
International Trade,,Y,Y,Y,Y,
Internet,,Y,Y,Y,Y,
Internet Banking,,Y,Y,Y,Y,
Internet Of Things (IoT),,Y,Y,Y,Y,
Interview Coaching,,Y,Y,Y,Y,
Interview Coach,,,,,,Y
Inventory Management,,Y,Y,Y,Y,
Investment Advisory,,Y,Y,Y,Y,
Investment Banking,,Y,Y,Y,Y,
Investments,,Y,Y,Y,Y,
Investor - VC,,Y,,Y,,Y
iOS,,Y,Y,Y,Y,
iOS Developer,,,,,,Y
iOS Development,,Y,Y,Y,Y,
IP Law Firm,,Y,,Y,Y,
iPhone,,Y,Y,Y,Y,
iPhone development,,Y,Y,Y,Y,
IPTV,,Y,Y,Y,Y,
Iran,,Y,,Y,Y,
Iraq,,Y,,Y,Y,
Irrigation,,Y,Y,Y,Y,
ISO 13485,,Y,Y,Y,Y,
ISO 14001,,Y,Y,Y,Y,
ISO 20121,,Y,Y,Y,Y,
ISO 2200,,Y,Y,Y,Y,
ISO 26000,,Y,Y,Y,Y,
ISO 2700,,Y,Y,Y,Y,
ISO 31000,,Y,Y,Y,Y,
ISO 50001,,Y,Y,Y,Y,
ISO 9001,,Y,Y,Y,Y,
ISO 9001,,Y,Y,Y,Y,
ISO 9001,,Y,Y,Y,Y,
ISO 9001,,Y,Y,Y,Y,
ISO/TS 16949,,Y,Y,Y,Y,
Israel,,Y,,Y,Y,
IT Management,,Y,Y,Y,Y,
IT Manager,,,,,,Y
IT Operations,,Y,Y,Y,,Y
IT Outsourcing,,Y,Y,Y,Y,
IT Service Management,,Y,Y,Y,Y,
IT Solutions,,Y,Y,Y,Y,
IT Strategy,,Y,Y,Y,Y,
Italy,,Y,,Y,Y,
Ivory Coast,,Y,,Y,Y,
Jamaica,,Y,,Y,Y,
Japan,,Y,,Y,Y,
Japanese,,Y,Y,Y,Y,
Java,,Y,Y,Y,Y,
JavaScript,,Y,Y,Y,Y,
Jewelry,Y,Y,Y,Y,Y,
Jewelry Design,,Y,Y,Y,Y,
Jewelry Making,,Y,Y,Y,Y,
Jni code,,Y,Y,Y,Y,
Job Aids,,Y,Y,Y,Y,
Job Analysis,,Y,Y,Y,Y,
Job Descriptions,,Y,Y,Y,Y,
Job Evaluation,,Y,Y,Y,Y,
Job Fairs,,Y,Y,Y,Y,
Job Scheduling,,Y,Y,Y,Y,
Job Search,,Y,Y,Y,Y,
Joomla,,Y,Y,Y,Y,
Jordan,,Y,,Y,Y,
Journaling,Y,Y,Y,Y,Y,
Journalism,,Y,Y,Y,Y,
Journalist,,,,,,Y
jQuery,,Y,Y,Y,Y,
JSON,,Y,Y,Y,Y,
Judge,,Y,Y,Y,Y,
Judo,Y,Y,Y,Y,Y,
JVM,,Y,Y,Y,Y,
Kazakhstan,,Y,,Y,Y,
Kenya,,Y,,Y,Y,
Ketosis,Y,Y,Y,Y,Y,
Keyword Research,,Y,Y,Y,Y,
Kitchen,,Y,,Y,Y,
Knowledge Base,,Y,Y,Y,Y,
Knowledge Management,,Y,Y,Y,Y,
Knowledge Sharing,Y,Y,Y,Y,Y,
Knowledge Transfer,,Y,Y,Y,Y,
Kosovo,,Y,,Y,Y,
KPI,,Y,Y,Y,Y,
Kuwait,,Y,,Y,Y,
Kyrgyzstan,,Y,,Y,Y,
Laboratory Research,,Y,Y,Y,Y,
Labour Management,,Y,Y,Y,Y,
Labour Relations,,Y,Y,Y,Y,
LAMP,,Y,Y,Y,Y,
Land Agent,,Y,,,,Y
Land Surveying ,,Y,Y,Y,Y,
Land Surveyor,,,,,,Y
Land Use,,Y,Y,Y,Y,
Landing Page Optimization,,Y,Y,Y,Y,
Landlord,,Y,Y,Y,Y,
Landscape,,Y,Y,Y,Y,
Language Skills,,Y,Y,Y,Y,
Language Teacher,,,,,,Y
Language Teaching,,Y,Y,Y,Y,
Languages,,Y,Y,Y,Y,
Languages,Y,Y,Y,Y,Y,
Laos,,Y,,Y,Y,
Latvia,,Y,,Y,Y,
Laundry,,Y,Y,Y,Y,
Law Enforcement,,Y,Y,Y,Y,
Lawyer,,,,,,Y
Lead Generation,,Y,Y,Y,Y,
Leadership Coach,,,,,,Y
Leadership Development,,Y,Y,Y,Y,
Leadership Expert,,,,,,Y
Lean Initiatives,,Y,Y,Y,Y,
Lean Manufacturing,,Y,Y,Y,Y,
Learning,,Y,Y,Y,Y,
Lebanon,,Y,,Y,Y,
Lecturer,,,,,,Y
Lecturing,,Y,Y,Y,Y,
Left Brain,Y,Y,Y,Y,Y,
Legal Compliance,,Y,Y,Y,Y,
Legal Executive,,,,,,Y
Legal Issues,,Y,Y,Y,Y,
Legal Research,,Y,Y,Y,Y,
Legal Secretary,,,,,,Y
Legal Services,,Y,Y,Y,Y,
Legal Support,,Y,Y,Y,Y,
Legal Writing,,Y,Y,Y,Y,
Leisure,,Y,,Y,Y,
Leisure Travel,,Y,Y,Y,Y,
Lender,,Y,Y,Y,Y,
Lesotho,,Y,,Y,Y,
LGBT issues,Y,Y,Y,Y,Y,
Liberia,,Y,,Y,Y,
Libraries,,Y,Y,Y,Y,
Libya,,Y,,Y,Y,
Licensed conveyancer,,Y,Y,Y,Y,
Licensing,,Y,Y,Y,Y,
Licensing Agreements,,Y,Y,Y,Y,
Liechtenstein,,Y,,Y,Y,
Life Sciences,,Y,Y,Y,Y,
Lighting,,Y,Y,Y,Y,
Lighting Design,,Y,Y,Y,Y,
Link Building,,Y,Y,Y,Y,
LinkedIn,,Y,Y,Y,Y,
Linux,,Y,Y,Y,Y,
Lisp,,Y,Y,Y,Y,
Listings,,Y,Y,Y,Y,
Literacy,,Y,Y,Y,Y,
Literature,,Y,Y,Y,Y,
Lithuania,,Y,,Y,Y,
Live Events,,Y,Y,Y,Y,
Local MP,,,,,,Y
Loan Origination,,Y,Y,Y,Y,
Loans,,Y,Y,Y,Y,
Local Government,,Y,,Y,Y,
Local Marketing,,Y,Y,Y,Y,
Local Search,,Y,Y,Y,Y,
Localisation,,Y,Y,Y,Y,
Location Based Services,,Y,,Y,Y,
Location Scouting,,Y,Y,Y,Y,
Logistics,,Y,Y,Y,Y,
Logistics Management,,Y,Y,Y,Y,
Logistics/Supply Chain,,Y,Y,Y,Y,
Logo Design,,Y,Y,Y,Y,
Logo Development,,Y,Y,Y,Y,
Logos,,Y,Y,Y,Y,
Long Term Care,,Y,Y,Y,Y,
Lottery,,Y,,Y,Y,
Love,Y,Y,,Y,Y,
Loyalty Marketing,,Y,Y,Y,Y,
Loyalty Programs,,Y,Y,Y,Y,
Lucene,,Y,Y,Y,Y,
Luxembourg,,Y,,Y,Y,
Luxury,,Y,,Y,Y,
Luxury Goods,,Y,,Y,Y,
Luxury Lifestyle,,Y,,Y,Y,
Machine Learning,,Y,Y,Y,Y,
Machine Learning,,Y,Y,Y,Y,
Machine Learning Engineer,,,,,,Y
Machine Vision,,Y,Y,Y,Y,
Madagascar,,Y,,Y,Y,
Magazine Design,,Y,Y,Y,Y,
Magazines,,Y,Y,Y,Y,
Magento,,Y,Y,Y,Y,
Magic,Y,Y,Y,Y,Y,
Mail,,Y,Y,Y,Y,
Maintenance Management,,Y,Y,Y,Y,
Makeup,Y,Y,Y,Y,Y,
Malawi,,Y,,Y,Y,
Malaysia,,Y,,Y,Y,
Maldives,,Y,,Y,Y,
Mali,,Y,,Y,Y,
Malta,,Y,,Y,Y,
Managed Care,,Y,Y,Y,Y,
Managed Hosting,,Y,Y,Y,Y,
Management Consultant,,,,,,Y
Management Consulting,,Y,Y,Y,Y,
Manager,,,,,,Y
Mandarin Chinese,,Y,Y,Y,Y,
Manufacturing,,Y,Y,Y,Y,
Marathi,,,Y,Y,,Y
Marine Corps,,Y,Y,Y,Y,
Market Analysis,,Y,Y,Y,Y,
Market Planning,,Y,Y,Y,Y,
Market Research,,Y,Y,Y,Y,
Market Research Analyst,,,,,,Y
Market Researcher,,,,,,Y
Marketing,Y,Y,Y,Y,Y,
Marketing Communications,,Y,Y,Y,Y,
Marketing Director,,,,,,Y
Marketing Effectiveness,,Y,Y,Y,Y,
Marketing Expert,,,,,,Y
Marketing Manager,,,,,,Y
Marketing Research,,Y,Y,Y,Y,
Marketing ROI,,Y,Y,Y,Y,
Marketing Strategy,,Y,Y,Y,Y,
Marketplace,,Y,Y,Y,Y,
MarTech,,Y,Y,Y,Y,
Martial Arts,Y,Y,Y,Y,Y,
Martinique,,Y,,Y,Y,
Master Data Management,,Y,Y,Y,Y,
Mastering Engineer,,,,,,Y
Masterminds,Y,Y,,Y,Y,
Mauritania,,Y,,Y,Y,
Mauritius,,Y,,Y,Y,
Mayotte,,Y,,Y,Y,
MBA,,Y,Y,Y,Y,
Mechanical,,Y,Y,Y,Y,
Mechanical Engineer,,,,,,Y
Mechatronics,,Y,Y,Y,Y,
Media,,Y,Y,Y,Y,
Media Alerts,,Y,Y,Y,Y,
Media Buyer,,,,,,Y
Media Buying,,Y,Y,Y,Y,
Media Expert,,,,,,Y
Media Gateways,,Y,Y,Y,Y,
Media Planner,,,,,,Y
Media Planning,,Y,Y,Y,Y,
Media Producer,,,,,,Y
Media Production,,Y,Y,Y,Y,
Media Relations,,Y,Y,Y,Y,
Mediation,Y,Y,Y,Y,Y,
Mediation,,Y,Y,Y,Y,
Mediator,,Y,Y,Y,Y,
Medical Billing,,Y,Y,Y,Y,
Medical Coding,,Y,Y,Y,Y,
Medical Education,,Y,Y,Y,Y,
Medical Imaging,,Y,Y,Y,Y,
Medical Malpractice,,Y,Y,Y,Y,
Medical Services Manager,,,,,,Y
Medical Terminology,,Y,Y,Y,Y,
Medical Tourism,,Y,Y,Y,Y,
Medicinal Chemistry,,Y,Y,Y,Y,
Meditation,Y,Y,Y,Y,Y,
Melanin,Y,Y,,Y,Y,
Membership,,Y,,,Y,
Men's Health,Y,,Y,Y,Y,
Mental Health,Y,Y,Y,Y,Y,
Mental Health Expert,,,,,,Y
Mental Illness ,Y,Y,,Y,Y,
Mentor,,,,,,Y
Mentoring,Y,Y,Y,Y,Y,
Merchandising,,Y,Y,Y,Y,
Mergers & Acquisitions,,Y,Y,Y,Y,
Messaging,,Y,Y,Y,Y,
Mexico,,Y,,Y,Y,
Microbiology,Y,Y,Y,Y,Y,
Microbiome,Y,Y,Y,Y,Y,
Microcontrollers,,Y,Y,Y,Y,
Microsoft,,Y,Y,Y,Y,
Microsoft Office,,Y,Y,Y,Y,
Middle East,,Y,Y,Y,Y,
Middle-Tier Developer,,,,,,Y
Middle-Tier Development,,Y,Y,Y,Y,
Military,Y,Y,Y,Y,Y,
Mindfulness,Y,Y,Y,Y,Y,
Mining,,Y,Y,Y,Y,
Mixed Martial Arts,Y,Y,Y,Y,Y,
Mixed Race,Y,Y,,Y,Y,
Mixing Engineer,,,,,,Y
MMO,,Y,Y,Y,Y,
MMORPG,,Y,Y,Y,Y,
Mobile,,Y,Y,Y,Y,
Mobile Advertising,,Y,Y,Y,Y,
Mobile Applications,,Y,Y,Y,Y,
Mobile Communications,,Y,Y,Y,Y,
Mobile Developer,,,,,,Y
Mobile Devices,,Y,Y,Y,Y,
Mobile Internet,,Y,Y,Y,Y,
Mobile Marketing,,Y,Y,Y,Y,
Mobile Software,,Y,Y,Y,Y,
Mobile Solutions,,Y,Y,Y,Y,
Mobile Technology,,Y,Y,Y,Y,
Mockups,,Y,Y,Y,Y,
Modeling,,Y,Y,Y,Y,
Moldova,,Y,,Y,Y,
Molecular Biology,,Y,Y,Y,Y,
Monaco,,Y,,Y,Y,
Monetisation,,Y,Y,Y,Y,
Money,,Y,Y,Y,Y,
Money Management,,Y,Y,Y,Y,
Money Market,,Y,Y,Y,Y,
Mongolia,,Y,,Y,Y,
Montenegro,,Y,,Y,Y,
Montserrat,,Y,,Y,Y,
Morocco,,Y,,Y,Y,
Mortgage Advisor,,,,,,Y
Motion Graphics,,Y,Y,Y,Y,
Motivation,Y,Y,Y,Y,Y,
Motorcycle,,Y,Y,Y,Y,
Motorsport,Y,Y,Y,Y,Y,
Mozambique,,Y,,Y,Y,
Multi-channel Marketing,,Y,Y,Y,Y,
Multilingual,,Y,Y,Y,Y,
Multimedia,,Y,Y,Y,Y,
Municipal,,Y,Y,Y,Y,
Municipalities,,Y,,Y,Y,
Museums,Y,Y,Y,Y,Y,
Music,Y,Y,Y,Y,Y,
Music Education,,Y,Y,Y,Y,
Music Industry,,Y,Y,Y,Y,
Music Licensing,,Y,Y,Y,Y,
Music Producer,,,,,,Y
Music Production,,Y,Y,Y,Y,
Music Publishing,,Y,Y,Y,Y,
Music Theory,,Y,Y,Y,Y,
Music Videos,Y,Y,Y,Y,Y,
Musical Theatre,,Y,Y,Y,Y,
Musician,,,,,,Y
Mutual Funds,,Y,Y,Y,Y,
MVC,,Y,Y,Y,Y,
Myanmar/Burma,,Y,,Y,Y,
MySQL,,Y,Y,Y,Y,
MySQL database design,,Y,Y,Y,Y,
Namibia,,Y,,Y,Y,
Nanotechnology,,Y,Y,Y,Y,
National,,Y,,,Y,
National Institute,,Y,,,Y,
Natural,,Y,Y,Y,Y,
Natural Hair,Y,Y,,Y,Y,
Natural Language Processing,,Y,Y,Y,Y,
Nature,Y,Y,Y,Y,Y,
Navigation,,Y,Y,Y,Y,
Navigation Systems,,Y,Y,Y,Y,
Navy Flight Support,,,,,,Y
Navy Nurse Corp,,,,,,Y
Navy Operations Specialist,,,,,,Y
Negotiation,Y,Y,Y,Y,Y,
Neighbourhood Planning,,Y,Y,Y,Y,
Neighbourhood Revitalisation,,Y,Y,Y,Y,
Nepal,,Y,,Y,Y,
Net Neutrality,,Y,Y,Y,Y,
Netball,Y,Y,Y,Y,Y,
Netherlands,,Y,,Y,Y,
Network Administration,,Y,Y,Y,Y,
Network Administrator,,,,,,Y
Network Architect,,,,,,Y
Network Architecture,,Y,Y,Y,Y,
Network Configuration,,Y,Y,Y,Y,
Network Deployment,,Y,Y,Y,Y,
Network Design,,Y,Y,Y,Y,
Network Engineering,,Y,Y,Y,Y,
Network Hardware,,Y,Y,Y,Y,
Network Optimization,,Y,Y,Y,Y,
Network Security,,Y,Y,Y,Y,
Neurology,,Y,Y,Y,Y,
Neuroscience,Y,Y,Y,Y,Y,
Neuroscience,Y,Y,Y,Y,Y,
New Business Development,,Y,Y,Y,Y,
New Media,,Y,Y,Y,Y,
New Zealand,,Y,,Y,Y,
News,Y,Y,,Y,Y,
News Writing,,Y,Y,Y,Y,
Newsletters,,Y,Y,Y,Y,
Newspaper,,Y,,Y,Y,
NFC,,Y,Y,Y,Y,
NGO,,Y,Y,Y,Y,
NGO Manager,,,,,,Y
NHS,,Y,Y,Y,Y,
Nicaragua,,Y,,Y,Y,
Niche Marketing,,Y,Y,Y,Y,
Niger,,Y,,Y,Y,
Nigeria,,Y,,Y,Y,
Nightlife,Y,Y,Y,Y,Y,
NLP,Y,Y,Y,Y,Y,
node.js,,Y,Y,Y,Y,
Non-profit,,Y,Y,Y,Y,
Non-profit Administration,,Y,Y,Y,Y,
Non-profit Communications,,Y,Y,Y,Y,
Non-profit Development,,Y,Y,Y,Y,
Non-profit Marketing,,Y,Y,Y,Y,
North Korea,,Y,,Y,Y,
North Macedonia,,Y,,Y,Y,
Norway,,Y,,Y,Y,
Not for Profit,,Y,,Y,Y,
Novels,Y,Y,Y,Y,Y,
Nurse,,,,,,Y
Nursing,,Y,Y,Y,Y,
Nursing Assistant,,,,,,Y
Nursing Education,,Y,Y,Y,Y,
Nursing Homes,,Y,,Y,Y,
Nutraceuticals,,Y,Y,Y,Y,
Nutrition,Y,Y,Y,Y,Y,
Nutrition Consulting,,Y,Y,Y,Y,
Nutrition Education,,Y,Y,Y,Y,
Nutritional Counseling,,Y,Y,Y,Y,
Obesity,,Y,Y,Y,Y,
Objective-C,,Y,Y,Y,Y,
Occupational Health,,Y,Y,Y,Y,
Occupational Therapists,,Y,Y,Y,Y,
Occupational Therapy Assistant,,,,,,Y
Office Management,,Y,Y,Y,Y,
Office Space,,Y,Y,Y,Y,
Oil and Gas ,,Y,Y,Y,Y,
Olympic Sports,Y,Y,Y,Y,Y,
Oman,,Y,,Y,Y,
On-demand,,Y,Y,Y,Y,
Oncology,,Y,Y,Y,Y,
Online Advertising,,Y,Y,Y,Y,
Online Auctions,,Y,Y,Y,Y,
Online Branding,,Y,Y,Y,Y,
Online Communications,,Y,Y,Y,Y,
Online Communities,,Y,Y,Y,Y,
Online Dating,,Y,Y,Y,Y,
Online Gambling,,Y,Y,Y,Y,
Online Gaming,Y,Y,Y,Y,Y,
Online Marketing,,Y,Y,Y,Y,
Online PR,,Y,Y,Y,Y,
Online Publishing,,Y,Y,Y,Y,
Online Research,,Y,Y,Y,Y,
Online Sales,,Y,Y,Y,Y,
Online Video,,Y,Y,Y,Y,
Open Data,,Y,Y,Y,Y,
Open Innovation,,Y,Y,Y,Y,
Open Source,,Y,Y,Y,Y,
Open Source Software,,Y,Y,Y,Y,
Operations,,Y,Y,Y,Y,
Operations Management,,Y,Y,Y,Y,
Optimisation,,Y,Y,Y,Y,
Options,,Y,Y,Y,Y,
Oracle,,Y,Y,Y,Y,
Order Management,,Y,Y,Y,Y,
Order Processing,,Y,Y,Y,Y,
Organic,Y,Y,Y,Y,Y,
Organic Farming,,Y,Y,Y,Y,
Organic Gardening,,Y,Y,Y,Y,
Organisational Development,,Y,Y,Y,Y,
Organisational Effectiveness,,Y,Y,Y,Y,
Organizing,,Y,Y,Y,Y,
Orthodontics,,Y,Y,Y,Y,
Orthopedics,,Y,Y,Y,Y,
OTA,,Y,Y,Y,Y,
Other,,,,,,Y
Other Admin,,,,,,Y
Other Architect,,,,,,Y
Other Army,,,,,,Y
Other Charity,,,,,,Y
Other Customer Service,,,,,,Y
Other Design Role,,,,,,Y
Other Education,,,,,,Y
Other Emergency Service,,,,,,Y
Other Engineer,,,,,,Y
Other Financial,,,,,,Y
Other HR,,,,,,Y
Other IT,,,,,,Y
Other Legal,,,,,,Y
Other Management,,,,,,Y
Other Medical,,,,,,
Other Military,,,,,,Y
Other Non Profit,,,,,,Y
Other Public Sector,,,,,,Y
Other Safety,,,,,,Y
Other Sales,,,,,,Y
Other Security,,,,,,Y
Other Services,,,,,,Y
Other Social Media,,,,,,Y
Other Sports,,,,,,Y
Outdoors,Y,Y,,Y,Y,
Pacific Islands,,Y,,Y,Y,
Packaging,,Y,Y,Y,Y,
Pakistan,,Y,,Y,Y,
Palliative Care,,Y,Y,Y,Y,
Panama,,Y,,Y,Y,
Papua New Guinea,,Y,,Y,Y,
Paraguay,,Y,,Y,Y,
Paralegal,,,,,,Y
Paramedic,,,,,,Y
Parenting,Y,Y,Y,Y,Y,
Parralegal,,,,,,Y
Parties,Y,Y,Y,Y,Y,
Partnering,,Y,Y,Y,Y,
Partnership Development,,Y,Y,Y,Y,
Partnership Marketing,,Y,Y,Y,Y,
Patent Attorney,,Y,,,,Y
Patent attorney,,,,,,Y
Patent Drafting,,Y,Y,Y,Y,
Patent Law,,Y,Y,Y,Y,
Patents,,Y,Y,Y,Y,
Patient,,Y,Y,Y,Y,
Patient Safety,,Y,Y,Y,Y,
Patrol Officer,,,,,,Y
Payment Gateways,,Y,Y,Y,Y,
Payment Processing,,Y,Y,Y,Y,
Payment Systems,,Y,Y,Y,Y,
Payments,,Y,Y,Y,Y,
PayPal,,Y,Y,Y,Y,
Payroll,,Y,Y,Y,Y,
Payroll & Benefits,,,,,,Y
Payroll Processing,,Y,Y,Y,Y,
PCB design,,Y,Y,Y,Y,
PCI Compliance,,Y,Y,Y,Y,
Pediatrics,,Y,Y,Y,Y,
Peer Counseling,,Y,Y,Y,Y,
Peering,,Y,Y,Y,Y,
Peers,,Y,Y,Y,Y,
Penetration Tester,,,,,,Y
Penetration Testing,,Y,Y,Y,Y,
Pension Planner,,,,,,Y
Pension Planning,,Y,Y,Y,Y,
Pentathlon,Y,Y,Y,Y,Y,
People Development,Y,Y,Y,Y,Y,
People Management,,Y,Y,Y,Y,
People-oriented,,Y,Y,Y,Y,
Performance Analysis,,Y,Y,Y,Y,
Performance Based Marketing,,Y,Y,Y,Y,
Performance Improvement,,Y,Y,Y,Y,
Performance Management,,Y,Y,Y,Y,
Personal Assistant,,,,,,Y
Personal Branding,,Y,Y,Y,Y,
Personal Care,,Y,Y,Y,Y,
Personal Development,,Y,Y,Y,Y,
Personal Development,Y,Y,Y,Y,Y,
Personal Injury Law,,Y,Y,Y,Y,
Personal Shopper,,,,,,Y
Personal Shopping,Y,Y,Y,Y,Y,
Personal Styling,,Y,Y,Y,Y,
Personalization,,Y,Y,Y,Y,
Peru,,Y,,Y,Y,
Pet Care,Y,Y,Y,Y,Y,
Petrochemical Engineer,,,,,,Y
Pets,Y,Y,Y,Y,Y,
Pharmaceutical Sales,,Y,Y,Y,Y,
Pharmaceuticals,,Y,Y,Y,Y,
Pharmaceutics,,Y,Y,Y,Y,
Pharmacists,,Y,Y,Y,Y,
Pharmacodynamics,,Y,Y,Y,Y,
Pharmacoeconomics,,Y,Y,Y,Y,
Pharmacovigilance,,Y,Y,Y,Y,
Philanthropy,Y,Y,Y,Y,Y,
Philippines,,Y,,Y,Y,
Philosophy,Y,Y,Y,Y,Y,
Photo Editing,,Y,Y,Y,Y,
Photo Editor,,Y,,,,Y
Photo Styling,,Y,Y,Y,Y,
Photography,,Y,Y,Y,Y,
Photojournalism,,Y,Y,Y,Y,
Photoshop,,Y,Y,Y,Y,
Photovoltaics,,Y,Y,Y,Y,
PHP,,Y,Y,Y,Y,
PHP Applications,,Y,Y,Y,Y,
Phsyics,,Y,Y,Y,Y,
Physical Therapy,,Y,Y,Y,Y,
Physician,,,,,,Y
Physicians,,Y,Y,Y,Y,
Pilates,Y,Y,Y,Y,Y,
Pilates Instructor,,,,,,Y
Pipeline Control Centre Operator,,,,,,Y
Pipeline Design Engineer,,,,,,Y
Pitch Decks,Y,Y,Y,Y,Y,
Pitching,Y,Y,Y,Y,Y,
Pitching Expert,,Y,,,,Y
Planning,,Y,Y,Y,Y,
Planning and Development ,,Y,Y,Y,Y,
Podcast Manager,,,,,,Y
Podcast Studio,,Y,,Y,Y,
Podcaster,,,,,,Y
Podcasting,Y,Y,Y,Y,Y,
Poland,,Y,,Y,Y,
Police,,Y,,Y,Y,
Policy,,Y,Y,Y,Y,
Policy Analysis,,Y,Y,Y,Y,
Political Campaigns,,Y,Y,Y,Y,
Politics,Y,Y,Y,Y,Y,
Polo,Y,Y,Y,Y,Y,
Portals,,Y,Y,Y,Y,
Portfolio Management,,Y,Y,Y,Y,
Portfolio Optimization,,Y,Y,Y,Y,
Portugal,,Y,,Y,Y,
Portugese,,Y,Y,Y,Y,
Portuguese,,Y,Y,Y,Y,
POS,,Y,Y,Y,Y,
Post Graduate,,,,,,Y
Post Production,,Y,Y,Y,Y,
Postgres,,Y,Y,Y,Y,
PostgreSQL,,Y,Y,Y,Y,
Postition Trader,,Y,Y,Y,Y,
Poverty,Y,Y,,Y,Y,
Poverty Reduction,,Y,Y,Y,Y,
Power Distribution,,Y,Y,Y,Y,
Power Generation,,Y,Y,Y,Y,
PowerPoint,,Y,Y,Y,Y,
PPC,,Y,Y,Y,Y,
Pre-Seed,,Y,,Y,Y,
Prefer not to say,,,,,,Y
Presenting Expert,,,,,,Y
President,,,,,,Y
Privacy,,Y,Y,Y,Y,
Private Equity,,Y,Y,Y,Y,
Probiotics,Y,Y,,Y,Y,
Process Automation,,Y,Y,Y,Y,
Process Engineer,,,,,,Y
Process Engineering,,Y,Y,Y,Y,
Process Improvement,,Y,Y,Y,Y,
Procurement,,Y,Y,Y,Y,
Producer,,Y,,,,Y
Product Design,,Y,Y,Y,Y,
Product Designer,,,,,,Y
Product Knowledge,,Y,Y,Y,Y,
Product Launch,,Y,Y,Y,Y,
Product Launch,,Y,Y,Y,Y,
Product Life Cycle Management,,Y,Y,Y,Y,
Product Management,,Y,Y,Y,Y,
Product Manager,,,,,,Y
Product Marketing Manager,,,,,,Y
Product Owner,,,,,,Y
Product Research,,Y,Y,Y,Y,
Product Reviews,,Y,Y,Y,Y,
Production,,Y,Y,Y,Y,
Production Manager,,,,,,Y
Productivity,Y,Y,Y,Y,Y,
Products Company,,Y,,Y,Y,
Professional Services,,Y,Y,Y,Y,
Professor,,,,,,Y
Program Management,,Y,Y,Y,Y,
Program Manager,,,,,,Y
Programming,,Y,Y,Y,Y,
Project Coordination,,Y,Y,Y,Y,
Project Coordinator,,,,,,Y
Project Delivery,,Y,Y,Y,Y,
Project Implementation,,Y,Y,Y,Y,
Project Manager,,,,,,Y
Project Planning,,Y,Y,Y,Y,
Promotions,,Y,Y,Y,Y,
Promotions Manager,,,,,,Y
Property flipping,,Y,Y,Y,Y,
Property Management ,,Y,Y,Y,Y,
Property Manager,,,,,,Y
Property Owner,,,,,,Y
Protection Officer,,,,,,Y
Protein,Y,Y,,Y,Y,
Psychiatrist,,,,,,Y
Psychiatry,Y,Y,Y,Y,Y,
Psychological Assessment,,Y,Y,Y,Y,
Psychological Testing,,Y,Y,Y,Y,
Psychology,Y,Y,Y,Y,Y,
Psychometrics,,Y,Y,Y,Y,
Psychotherapist,,,,,,Y
Psychotherapy,Y,Y,Y,Y,Y,
Public Health,,Y,Y,Y,Y,
Public Policy,,Y,Y,Y,Y,
Public Relations,,Y,Y,Y,Y,
Public Safety,,Y,Y,Y,Y,
Public Schools,,Y,Y,Y,Y,
Public Sector,,Y,Y,Y,Y,
Public Speaker,,,,,,Y
Public Speaking,Y,Y,Y,Y,Y,
Public Speaking Expert,,Y,,,,Y
Public-private Partnerships,,Y,Y,Y,Y,
Publications,,Y,Y,Y,Y,
Publicity,,Y,Y,Y,Y,
Publishing,,Y,Y,Y,Y,
Puerto Rico,,Y,,Y,Y,
Punjabi,,Y,Y,Y,Y,
Puppet,,Y,Y,Y,Y,
Purchasing,,Y,Y,Y,Y,
Purchasing Management,,Y,Y,Y,Y,
Purchasing Strategy,,Y,Y,Y,Y,
Python,,Y,Y,Y,Y,
QA Tester,,,,,,Y
Qatar,,Y,,Y,Y,
Quake 3,,Y,Y,Y,Y,
Qualitative Research,,Y,Y,Y,Y,
Quality,,Y,Y,Y,Y,
Quality Assurance,,Y,Y,Y,Y,
Quality Management,,Y,Y,Y,Y,
Quantaum Physics,,Y,,Y,Y,
Quantitative,,Y,Y,Y,Y,
Quantitative Analysis,,Y,Y,Y,Y,
Quantity Surveyor ,,Y,,,,Y
Quantum Computing,,Y,Y,Y,Y,
Race Law,,Y,Y,Y,Y,
Racing,Y,Y,Y,Y,Y,
Radio,,Y,,Y,Y,
Radio Broadcasting,,Y,Y,Y,Y,
Radiology,,Y,Y,Y,Y,
Rail,,Y,,,,
Rails,,Y,Y,Y,Y,
Raising Finance,,Y,Y,Y,Y,
Raising Venture Capital,,Y,Y,Y,Y,
Rapid Prototyping,,Y,Y,Y,Y,
Rating,,Y,Y,Y,Y,
Ratings,Y,Y,Y,Y,Y,
Real Estate,,Y,Y,Y,Y,
Real Estate Attorney,,Y,,,,Y
Real Estate Developer,,Y,,,,Y
Real Estate Development,,Y,Y,Y,Y,
Real Estate Finance,,Y,Y,Y,Y,
Real Estate Financing,,Y,Y,Y,Y,
Real Estate Investment,,Y,Y,Y,Y,
Real Estate Law,,Y,Y,Y,Y,
Real Estate Transactions,,Y,Y,Y,Y,
Real Time,,Y,Y,Y,Y,
Realism,Y,Y,Y,Y,Y,
Receptionist,,,,,,Y
Recipes,,Y,Y,Y,Y,
Recording,,Y,Y,Y,Y,
Recording Studio,,Y,,Y,Y,
Records Management,,Y,Y,Y,Y,
Recruitment Agency,,Y,,,Y,
Recyling,Y,Y,Y,Y,Y,
Referrals,,Y,Y,Y,Y,
Refugee Law,,Y,Y,Y,Y,
Regulatory Reporting,,Y,Y,Y,Y,
Regulatory Requirements,,Y,Y,Y,Y,
Rehabilitation,,Y,Y,Y,Y,
Relationship Expert,,,,,,Y
Relationships,Y,Y,Y,Y,Y,
Relaxation,Y,Y,Y,Y,Y,
Renewable Energy,Y,Y,Y,Y,Y,
Rentals,,Y,Y,Y,Y,
Renters,,Y,Y,Y,Y,
Remote Working,,Y,,Y,,
Research,,Y,Y,Y,Y,
Residential Property ,,Y,Y,Y,Y,
Restaurant,,Y,Y,Y,Y,
Resume Writer,,,,,,Y
Resume Writing,,Y,Y,Y,Y,
Retail,,Y,Y,Y,Y,
Retail Banking,,Y,Y,Y,Y,
Reunion,,Y,,Y,Y,
RFID,,Y,Y,Y,Y,
Right Brain,Y,Y,Y,Y,Y,
Risk Analysis,,Y,Y,Y,Y,
Risk Management,,Y,Y,Y,Y,
Risk Manager,,,,,,Y
RMQ,,Y,Y,Y,Y,
Robotic Systems,,Y,Y,Y,Y,
Robotics,Y,Y,Y,Y,Y,
Robotics and Computer Vision,,Y,Y,Y,Y,
Rollerskating,Y,,Y,,Y,
Romania,,Y,,Y,Y,
Routers,,Y,Y,Y,Y,
Rowing,Y,Y,Y,Y,Y,
RPAS,,Y,Y,Y,Y,
Ruby,,Y,Y,Y,Y,
Ruby on Rails,,Y,Y,Y,Y,
Rugby,Y,Y,Y,Y,Y,
Rugby League,Y,Y,Y,Y,Y,
Rugby Union,Y,Y,Y,Y,Y,
Running,Y,,,,,
Rural ,,Y,Y,Y,Y,
Rural Development,,Y,Y,Y,Y,
Rural Marketing,,Y,Y,Y,Y,
Russia,,Y,,Y,Y,
Russian,,Y,Y,Y,Y,
Russian,,Y,Y,Y,Y,
Rwanda,,Y,,Y,Y,
SaaS,,Y,Y,Y,Y,
Safety,,Y,Y,Y,Y,
Safety Expert,,,,,,Y
Safety by Design,,Y,Y,Y,Y,
Safety Management,,Y,Y,Y,Y,
Safety Manager,,,,,,Y
Sailing,Y,Y,Y,Y,Y,
Saint Kitts and Nevis,,Y,,Y,Y,
Saint Lucia,,Y,,Y,Y,
Saint Vincent,,Y,,Y,Y,
Sales and Marketing,,,Y,Y,Y,
Sales Compensation,,Y,Y,Y,Y,
Sales Enablement,,Y,Y,Y,Y,
Sales Force Effectiveness,,Y,Y,Y,Y,
Sales Growth,,Y,Y,Y,Y,
Sales Management,,Y,Y,Y,Y,
Sales Manager,,,,,,Y
Sales Operations,,Y,Y,Y,Y,
Sales Process,,Y,Y,Y,Y,
Sales Rep,,,,,,Y
Sales Support,,Y,Y,Y,Y,
Sales/Bus Dev,,Y,Y,Y,Y,
Salesforce,,Y,,Y,Y,
Samoa,,Y,,Y,Y,
Sanitation,,Y,Y,Y,Y,
Sao Tome,,Y,,Y,Y,
SAP,,Y,Y,Y,Y,
Sass,,Y,Y,Y,Y,
Saudi Arabia,,Y,,Y,Y,
Savings,,Y,Y,Y,Y,
Scala,,Y,Y,Y,Y,
Scalability,,Y,Y,Y,Y,
Scalping,Y,Y,Y,Y,Y,
Scheduling,,Y,Y,Y,Y,
School Administration,,Y,Y,Y,Y,
Schools,,Y,,Y,Y,
School Management,,Y,Y,Y,Y,
School Reform,,Y,Y,Y,Y,
Science,,Y,Y,Y,Y,
Science Communication,,Y,Y,Y,Y,
Scientific Computing,,Y,Y,Y,Y,
Screenwriting,,Y,Y,Y,Y,
Scrum,Y,Y,Y,Y,Y,
Scrum Master,,,,,,Y
Scuba Diving,,Y,Y,Y,Y,
SDK,,Y,Y,Y,Y,
Search,,Y,Y,Y,Y,
Search Advertising,,Y,Y,Y,Y,
Securities,,Y,Y,Y,Y,
Security,,Y,Y,Y,Y,
Security Analyst,,,,,,Y
Security Audits,,Y,Y,Y,Y,
Security Awareness,,Y,Y,Y,Y,
Security Consultant,,,,,,Y
Security Developer,,,,,,Y
Security Management,,Y,Y,Y,Y,
Security Manager,,,,,,Y
Security Specialist,,,,,,Y
Security+,,Y,Y,Y,Y,
Seed ,,Y,,Y,Y,
Seed Funded,,Y,,Y,Y,
Seed Funding,,Y,Y,Y,Y,
Seeking Investment,,Y,,Y,Y,
Segmentation,,Y,Y,Y,Y,
Self Education,Y,Y,Y,Y,Y,
Selling,,Y,Y,Y,Y,
SEM,,Y,Y,Y,Y,
Semantic Web,,Y,Y,Y,Y,
Semantics,,Y,Y,Y,Y,
Semi Goverment,,,,Y,Y,
Semiconductors,,Y,Y,Y,Y,
Seminars,,Y,Y,Y,Y,
Senegal,,Y,,Y,Y,
Senior Exec,,,,,,Y
SEO,,Y,Y,Y,Y,
SEO Expert,,,,,,Y
Serbia,,Y,,Y,Y,
Sergeant,,,,,,Y
Series A,,Y,Y,Y,Y,
Series B,,Y,Y,Y,Y,
Series C,,Y,Y,Y,Y,
Series D,,Y,Y,Y,Y,
Series E,,Y,Y,Y,Y,
Server Administration,,Y,Y,Y,Y,
Servers,,Y,Y,Y,Y,
Service Delivery,,Y,Y,Y,Y,
Serving People,Y,Y,Y,Y,Y,
Seychelles,,Y,,Y,Y,
Shared Services,,Y,Y,Y,Y,
SharePoint,,Y,Y,Y,Y,
Sharing Economy,,Y,Y,Y,Y,
shell scripting,,Y,Y,Y,Y,
Shellscript,,Y,Y,Y,Y,
Shipping,,Y,Y,Y,Y,
Shipping/receiving,,Y,Y,Y,Y,
Shooting,Y,Y,Y,Y,Y,
Shop,,Y,,Y,Y,
Shopper Marketing,,Y,Y,Y,Y,
Shopping,,Y,Y,Y,Y,
Shopping Carts,,Y,Y,Y,Y,
Shopping Centers,,Y,Y,Y,Y,
Sierra Leone,,Y,,Y,Y,
Signal Processing,,Y,Y,Y,Y,
Singapore,,Y,,Y,Y,
Singing,Y,Y,Y,Y,Y,
Site Reliability Engineer,,,,,,Y
Skateboarding,Y,Y,Y,Y,Y,
Sketch,,Y,Y,Y,Y,
Sketching,Y,Y,Y,Y,Y,
Skiing,Y,Y,Y,Y,Y,
Skiing,Y,Y,Y,Y,Y,
Skin Care,Y,Y,Y,Y,Y,
Slack,,Y,,,,
Sleep Disorders,,Y,Y,Y,Y,
Sleeping,Y,Y,Y,Y,Y,
Slovakia,,Y,,Y,Y,
Slovenia,,Y,,Y,Y,
Small Business,,Y,Y,Y,Y,
Small Business Development,,Y,Y,Y,Y,
Small Business Lender,,,,,,Y
Small Business Lending,,Y,Y,Y,Y,
Smart Cards,,Y,Y,Y,Y,
Smart Cities,,Y,Y,Y,Y,
Smart Community,,Y,Y,Y,Y,
Smart Environment,,Y,Y,Y,Y,
Smart Grid,,Y,Y,Y,Y,
Smart Home,,Y,Y,Y,Y,
Smart Industry 4.0,,Y,Y,Y,Y,
Smart Manufacturing,,Y,Y,Y,Y,
Smart Retail,,Y,Y,Y,Y,
Smartphones,,Y,Y,Y,Y,
SMB,,Y,Y,Y,Y,
SME,,Y,Y,Y,Y,
Smoking Cessation,,Y,Y,Y,Y,
SMS,,Y,Y,Y,Y,
Snacks,,Y,Y,Y,Y,
Snooker,Y,Y,Y,Y,Y,
Snowboarding,Y,Y,Y,Y,Y,
Social,,Y,Y,Y,Y,
Social Bookmarking,,Y,Y,Y,Y,
Social enterprise accelerator,,Y,,Y,Y,
Social Housing,,Y,,Y,Y,
Social Marketer,,,,,,Y
Social Marketer,,,,,,Y
Social Marketing,Y,Y,Y,Y,Y,
Social Media,Y,Y,Y,Y,Y,
Social Media Expert,,,,,,Y
Social Media Marker,,,,,,Y
Social Media Marker,,,,,,Y
Social Media Marketing,,Y,Y,Y,Y,
Social Networking,Y,Y,Y,Y,Y,
Social Networking Sites,,Y,Y,Y,Y,
Social Sciences,,Y,Y,Y,Y,
Social Services,,Y,Y,Y,Y,
Sociology,,Y,Y,Y,Y,
Software Company,,Y,,Y,Y,
Software Design,,Y,Y,Y,Y,
Software Development,,Y,Y,Y,Y,
Software Development Engineer in Test (SDET),,,,,,Y
Software Development Lifecycle,,Y,,Y,Y,
Software Engineering,,Y,Y,Y,Y,
Software Implementation,,Y,Y,Y,Y,
Software Installation,,Y,Y,Y,Y,
Software QA,,Y,Y,Y,Y,
Software Sales,,Y,Y,Y,,Y
Software Services,,Y,Y,Y,Y,
Software Training,,Y,Y,Y,Y,
Software-as-a-Service,,Y,Y,Y,Y,
Solicitor,,Y,,,,Y
Solomon Islands,,Y,,Y,Y,
Solution Architecture,,Y,Y,Y,Y,
Solution Selling,,Y,Y,Y,Y,
Solutions Architect,,Y,Y,Y,Y,
Solutions Consultant,,Y,Y,Y,Y,
Somalia,,Y,,Y,Y,
Sourcing,,Y,Y,Y,Y,
South Africa,,Y,,Y,Y,
South Korea,,Y,,Y,Y,
South Sudan,,Y,,Y,Y,
Spain,,Y,,Y,Y,
Spanish,,Y,Y,Y,Y,
Spirituality,Y,Y,Y,Y,Y,
SQL,,Y,Y,Y,Y,
Squash,Y,Y,Y,Y,Y,
Sri Lanka,,Y,,Y,Y,
Staff Development,,Y,Y,Y,Y,
Staff Management,,Y,Y,Y,Y,
Staff Training,,Y,Y,Y,Y,
Standards Development,,Y,Y,Y,Y,
Startups,Y,Y,Y,Y,Y,
Statistician,,Y,Y,Y,Y,
Statistics,,Y,Y,Y,Y,
Statutory law,,Y,Y,Y,Y,
Stock Exchange,,Y,Y,Y,Y,
Stocks,,Y,Y,Y,Y,
Storage,,Y,Y,Y,Y,
Storage Area Networks,,Y,Y,Y,Y,
Storage Management,,Y,Y,Y,Y,
Stores,,Y,Y,Y,Y,
Storyboarding,,Y,Y,Y,Y,
Storytelling,Y,Y,Y,Y,Y,
Strategic Communications,,Y,Y,Y,Y,
Strategic Partnerships,,Y,Y,Y,Y,
Strategic Planning,,Y,Y,Y,Y,
Strategic Sourcing,,Y,Y,Y,Y,
Strategic Thinking,,Y,Y,Y,Y,
Strategy,Y,Y,Y,Y,Y,
Strategy Development,,Y,Y,Y,Y,
Student Services,,Y,Y,Y,Y,
Students,,Y,Y,Y,Y,
Studio,,Y,,Y,Y,
Subconscious,Y,Y,Y,Y,Y,
Subscription,,Y,Y,Y,Y,
Sudan,,Y,,Y,Y,
Superintendent,,,,,,Y
Supervisor,,,,,,Y
Supplier Management,,Y,Y,Y,Y,
Supply Chain,,Y,Y,Y,Y,
Supply Chain Management,,Y,Y,Y,Y,
Supply Chain Optimization,,Y,Y,Y,Y,
Surfing,Y,Y,Y,Y,Y,
Surgeon,,,,,,Y
Surgery,Y,Y,Y,Y,Y,
Suriname,,Y,,Y,Y,
Surveillance,,Y,Y,Y,Y,
Survey Design,,Y,Y,Y,Y,
Survey Research,,Y,Y,Y,Y,
Surveyor,,,,,,Y
Surveys,,Y,Y,Y,Y,
Sustainability,Y,Y,Y,Y,Y,
Sustainability Initiatives,,Y,Y,Y,Y,
Sustainability Strategy,,Y,Y,Y,Y,
Sustainable Agriculture,,Y,Y,Y,Y,
Sustainable Architecture,,Y,Y,Y,Y,
Sustainable Business,,Y,Y,Y,Y,
Sustainable Design,,Y,Y,Y,Y,
Sustainable Development,,Y,Y,Y,Y,
Sustainable Networking,,Y,Y,Y,Y,
Sustainable Tourism,,Y,Y,Y,Y,
Swahili,,Y,Y,Y,Y,
Swaps,,Y,Y,Y,Y,
Sweden,,Y,,Y,Y,
Swift,Y,Y,Y,Y,Y,
Swimming,Y,Y,Y,Y,Y,
Swing Trader,,Y,Y,Y,Y,
Switzerland,,Y,,Y,Y,
Syndication,,Y,Y,Y,Y,
Syria,,Y,,Y,Y,
System Administration,,Y,Y,Y,Y,
System Design,,Y,Y,Y,Y,
Systems Analyst,,,,,,Y
Systems Architect,,,,,,Y
Systems Engineer,,,,,,Y
Systems Intregration,,,,,,Y
Systems Support,,,,,,Y
Table Tennis,Y,Y,Y,Y,Y,
Tablet PC,,Y,Y,Y,Y,
Taekwondo,Y,Y,Y,Y,Y,
Tags,,Y,Y,Y,Y,
Tai Chi,Y,Y,Y,Y,Y,
Tai Chi Instructor,,,,,,Y
Tailoring,,Y,Y,Y,Y,
Tajikistan,,Y,,Y,Y,
Talent Acquisition,,Y,Y,Y,Y,
Talent Assessment,,Y,Y,Y,Y,
Talent Booking,,Y,Y,Y,Y,
Talent Casting,,Y,Y,Y,Y,
Talent Development,,Y,Y,Y,Y,
Talent Identification,,Y,Y,Y,Y,
Talent Management,,Y,Y,Y,Y,
Talent Scouting,,Y,Y,Y,Y,
Talent Selection,,Y,Y,Y,Y,
Tamil,,Y,Y,Y,Y,
Tanzania,,Y,,Y,Y,
Targeted Advertising,,Y,Y,Y,Y,
Task Management,,Y,Y,Y,Y,
Tax,,Y,Y,Y,Y,
Tax Accounting,,Y,Y,Y,Y,
Tax Compliance,,Y,Y,Y,Y,
Tax Expert,,,,,,Y
Tax law,,Y,Y,Y,Y,
Tax Preparation,,Y,Y,Y,Y,
TCP,,Y,Y,Y,Y,
Teacher,,,,,,Y
Teacher Training,,Y,Y,Y,Y,
Teaching,,Y,Y,Y,Y,
Teaching Adults,,Y,Y,Y,Y,
Team Building,,Y,Y,Y,Y,
Team Leader,,,,,,Y
Team Leadership,Y,Y,Y,Y,Y,
Team Management,,Y,Y,Y,Y,
Teamwork,,Y,Y,Y,Y,
Technical Analysis,,Y,Y,Y,Y,
Technical Analyst,,,,,,Y
Technical Recruiting,,Y,Y,Y,Y,
Technical Support,,,,,,Y
Technical Training,,Y,Y,Y,Y,
Technical Writer,,,,,,Y
Technical Writing,,Y,Y,Y,Y,
Technologically Savvy,,Y,Y,Y,Y,
Technology Evaluation,,Y,Y,Y,Y,
Technology Transfer,,Y,Y,Y,Y,
Teenagers,,Y,Y,Y,Y,
Telco,,Y,Y,Y,Y,
Telecommunications,,Y,Y,Y,Y,
Telemarketer,,,,,,Y
Television,Y,Y,Y,Y,Y,
Telugu,,Y,Y,Y,Y,
Tennis,Y,Y,Y,Y,Y,
Term Sheets,,Y,Y,Y,Y,
Test Automation,,Y,Y,Y,Y,
Testing,,Y,Y,Y,Y,
Textile Pressure Sensors,,Y,Y,Y,Y,
Textiles,,Y,Y,Y,Y,
Thailand,,Y,,Y,Y,
Theano,,Y,Y,Y,Y,
Theatre,Y,Y,Y,Y,Y,
Theatrical Production,,Y,Y,Y,Y,
Therapeutic areas,,Y,Y,Y,Y,
Ticket Sales,,Y,Y,Y,Y,
Ticketing,,Y,Y,Y,Y,
Tickets,,Y,Y,Y,Y,
Time Management,Y,Y,Y,Y,Y,
Timor Leste,,Y,,Y,Y,
TL1,,Y,Y,Y,Y,
TL9000,,Y,Y,Y,Y,
Togo,,Y,,Y,Y,
Tooling,,Y,Y,Y,Y,
Touch Screens,,Y,Y,Y,Y,
Tour Management,,Y,Y,Y,Y,
Tour Operators,,Y,Y,Y,Y,
Tourism,,Y,Y,Y,Y,
Toys,,Y,,Y,Y,
Trade council,,,Y,Y,Y,
Trade Shows,,Y,Y,Y,Y,
Trademark Attorney,,Y,,,,Y
Trademark Law,,Y,Y,Y,Y,
Trading,,Y,Y,Y,Y,
Trading Methodologies,,Y,Y,Y,Y,
Traffic Manager,,,,,,Y
Traffic Shaping,,Y,Y,Y,Y,
Trainer,,,,,,Y
Trainers,Y,Y,,,,
Training & Coaching,,Y,Y,Y,Y,
Training & Development,,Y,Y,Y,Y,
Training Coordination,,Y,Y,Y,Y,
Training Course Development,,Y,Y,Y,Y,
Training Delivery,,Y,Y,Y,Y,
Training New Hires,,Y,Y,Y,Y,
Training Seminars,,Y,Y,Y,Y,
Training Skills,,Y,Y,Y,Y,
Translation,,Y,Y,Y,Y,
Transportation,,Y,Y,Y,Y,
Trauma Resolution,Y,Y,,Y,Y,
Travel,Y,Y,Y,Y,Y,
Trends,Y,Y,Y,Y,Y,
Treasury Management,,Y,Y,Y,Y,
Trend Analysis,,Y,Y,Y,Y,
Trends,,Y,Y,Y,Y,
Trial advocacy,,Y,Y,Y,Y,
Triathlons,Y,Y,Y,Y,Y,
Trinidad & Tobago,,Y,,Y,Y,
Troubleshooting,,,Y,Y,Y,
Trucking,,Y,Y,Y,Y,
Tunisia,,Y,,Y,Y,
Turkey,,Y,,Y,Y,
Turkish,,Y,Y,Y,Y,
Turkmenistan,,Y,,Y,Y,
Turks & Caicos,,Y,,Y,Y,
Tutor,,,,,,Y
Tutorials,,Y,Y,Y,Y,
TV production,,Y,Y,Y,Y,
Twitter,,Y,Y,Y,Y,
Typist,,,Y,Y,,Y
Typography,Y,Y,Y,Y,Y,
UAE,,Y,,Y,Y,
UAS,,Y,Y,Y,Y,
UAT,,,,,,Y
UAV,,Y,Y,Y,Y,
Ubuntu,,Y,Y,Y,Y,
Uganda,,Y,,Y,Y,
UGC,,Y,Y,Y,Y,
UI/UX Design,,Y,Y,Y,Y,
Ukraine,,Y,,Y,Y,
Ultrasound,,Y,Y,Y,Y,
Unemployment Claims,,Y,Y,Y,Y,
Unfair Advantage,Y,Y,Y,Y,Y,
Universe,Y,Y,Y,Y,Y,
Universities,,Y,Y,Y,Y,
University Teaching,,Y,Y,Y,Y,
Unix,,Y,Y,Y,Y,
Urban,,Y,Y,Y,Y,
Urban Design,,Y,Y,Y,Y,
Urban Mobility,,Y,Y,Y,Y,
Urban Planning,,Y,Y,Y,Y,
Urban Regeneration,,Y,Y,Y,Y,
Urbanism,,Y,Y,Y,Y,
Urdu,,Y,Y,Y,Y,
Urgent Care,,Y,Y,Y,Y,
Uruguay,,Y,,Y,Y,
USA,,Y,,Y,Y,
Usability,,Y,Y,Y,Y,
Usability Design,,Y,Y,Y,Y,
Usability Testing,,Y,Y,Y,Y,
User Acceptance Tester,,,,,,Y
User Acceptance Tester,,,,,,Y
User Acceptance Testing,,Y,Y,Y,Y,
User Experience (UX),,Y,Y,Y,Y,
User Interface,,Y,Y,Y,Y,
User Interface Design,,Y,Y,Y,Y,
User Scenarios,,Y,Y,Y,Y,
User-centered Design,,Y,Y,Y,Y,
User Generated Content,,Y,Y,Y,Y,
Usher,,,,,,Y
Utilities,,Y,Y,Y,Y,
UX Designer,,,,,,Y
Uzbekistan,,Y,,Y,Y,
V.C.,,Y,,Y,Y,
Vacation,,Y,Y,Y,Y,
Vacation Homes,,Y,Y,Y,Y,
Validation,,Y,Y,Y,Y,
Valuation,,Y,Y,Y,Y,
Valuation & Ratings ,,Y,Y,Y,Y,
Vaping,Y,Y,Y,Y,Y,
VB.NET,,Y,Y,Y,Y,
Vegan,Y,Y,Y,Y,Y,
Vegetables,,Y,Y,Y,Y,
Vehicle Tracking,,Y,Y,Y,Y,
Vehicles,,Y,Y,Y,Y,
Vending,,Y,Y,Y,Y,
Vendor Managed Inventory,,Y,Y,Y,Y,
Vendor Management,,Y,Y,Y,Y,
Vendor Relations,,Y,Y,Y,Y,
Venezuela,,Y,,Y,Y,
Venture Capital,,Y,Y,Y,Y,
Venture Financing,,Y,Y,Y,Y,
Ventures,,Y,Y,Y,Y,
Venue,,Y,Y,Y,Y,
Venue Finding,,Y,Y,Y,Y,
Venue Management,,Y,Y,Y,Y,
Venue Selection,,Y,Y,Y,Y,
Veterinary,,Y,Y,Y,Y,
Vice President,,,,,,Y
Video,,Y,Y,Y,Y,
Video Conferencing,,Y,Y,Y,Y,
Video Editing,,Y,Y,Y,Y,
Video Encoding,,Y,Y,Y,Y,
Video Games,,Y,Y,Y,Y,
Video over IP,,Y,Y,Y,Y,
Video Production,,Y,Y,Y,Y,
Videographer,,Y,Y,Y,Y,
Videography,,Y,Y,Y,Y,
Vietnam,,Y,,Y,Y,
Viral Marketing,,Y,Y,Y,Y,
Virgin Islands (UK),,Y,,Y,Y,
Virgin Islands (US),,Y,,Y,Y,
Virtual,,Y,,,Y,
Virtual Reality (VR),,Y,Y,Y,Y,
Virtual Server,,Y,Y,Y,Y,
Virtual Teams,,Y,Y,Y,Y,
Virtual Worlds,,Y,Y,Y,Y,
Virtualisation,,Y,Y,Y,Y,
Visual Effects,,Y,Y,Y,Y,
Visual Merchandising,,Y,Y,Y,Y,
Visualisation,Y,Y,Y,Y,Y,
Vitamins,Y,Y,Y,Y,Y,
VOD,,Y,Y,Y,Y,
Voice,,Y,Y,Y,Y,
Voice Communications,,Y,Y,Y,Y,
Voice Over,,Y,Y,Y,Y,
Voice Recognition,Y,Y,Y,Y,Y,
VoIP,,Y,Y,Y,Y,
VIP,,Y,,,,
Volleyball,Y,Y,Y,Y,Y,
Volunteer,,,,,,Y
Volunteer Coordinater,,,,,,Y
Volunteer Coordinating,,Y,Y,Y,Y,
Volunteer Coordinator,,,,,,Y
Volunteer Development,,Y,Y,Y,Y,
Volunteer Engagement,,Y,Y,Y,Y,
Volunteer Management,,Y,Y,Y,,Y
Volunteer Organization,,Y,Y,Y,Y,
Volunteering,Y,Y,,Y,Y,
VPN,,Y,Y,Y,Y,
VR /AR,,,Y,Y,Y,
Vulnerability Assessment,,Y,Y,Y,Y,
Vulnerability Scanning,,Y,Y,Y,Y,
Walking,Y,Y,,Y,Y,
Wallets,,Y,Y,Y,Y,
Warehouse Management,,Y,Y,Y,Y,
Warehousing,,Y,Y,Y,Y,
Warehousing Operations,,Y,Y,Y,Y,
Waste,,Y,Y,Y,Y,
Waste Management,,Y,Y,Y,Y,
Waste Reduction,,Y,Y,Y,Y,
Waste To Energy,,Y,Y,Y,Y,
Waste Treatment,,Y,Y,Y,Y,
Waste Water Treatment,,Y,Y,Y,Y,
Wastewater,,Y,Y,Y,Y,
Wastewater Treatment,,Y,Y,Y,Y,
Water,,Y,Y,Y,Y,
Water Conservation,Y,Y,Y,Y,Y,
Water Management,,Y,Y,Y,Y,
Water Quality,,Y,Y,Y,Y,
Water Supply,,Y,Y,Y,Y,
Water Treatment,,Y,Y,Y,Y,
Wealth Management,,Y,Y,Y,Y,
Wealth Manager,,,,,,Y
Weapons,,Y,Y,Y,Y,
Weather,,Y,Y,Y,Y,
Web,,Y,Y,Y,Y,
Web Analytics,,Y,Y,Y,Y,
Web Applications,,Y,Y,Y,Y,
Web Design,,Y,Y,Y,Y,
Web Designer,,,,,,Y
Web Developer,,,,Y,,Y
Web Development,,Y,Y,Y,Y,
Web Services,,Y,Y,Y,Y,
Wedding Photography,,Y,Y,Y,Y,
Wedding Planning,,Y,Y,Y,Y,
Weddings,,Y,Y,Y,Y,
Weight Loss,,Y,Y,Y,Y,
Weight Training,Y,Y,Y,Y,Y,
Weightlifting,Y,Y,Y,Y,Y,
Welfare,,Y,Y,Y,Y,
Wellbeing,Y,Y,Y,Y,Y,
Wellness,Y,Y,Y,Y,Y,
Wellness Coach ,,,,,,Y
Wellness Coaching,,Y,Y,Y,Y,
Wellness Programs,,Y,Y,Y,Y,
Wholesale,,Y,Y,Y,Y,
Widgets,,Y,Y,Y,Y,
WiFi,,Y,Y,Y,Y,
Wikis,,Y,Y,Y,Y,
Wills,,Y,Y,Y,Y,
Wind Energy,,Y,Y,Y,Y,
Windows,,Y,Y,Y,Y,
Windows Azure,,Y,Y,Y,Y,
Windows Developer,,,,,,Y
Windows Development,,Y,Y,Y,Y,
Windows Mobile,,Y,Y,Y,Y,
Wine,Y,Y,Y,Y,Y,
Wine Education,,Y,Y,Y,Y,
Wine Knowledge,,Y,Y,Y,Y,
Wine Pairing,Y,Y,Y,Y,Y,
Wine Tasting,Y,Y,Y,Y,Y,
Winemaking,Y,Y,Y,Y,Y,
Wineries,Y,Y,Y,Y,Y,
Winter Sports,Y,Y,Y,Y,Y,
Wireless,,Y,Y,Y,Y,
Wireless Broadband,,Y,Y,Y,Y,
Wireless Networking,,Y,Y,Y,Y,
Wireless Sensor Networks,,Y,Y,Y,Y,
Wireless Solutions,,Y,Y,Y,Y,
Women,Y,Y,Y,Y,Y,
Women Accelerator,,Y,Y,Y,Y,
Women Empowerment,,Y,Y,Y,Y,
Women Entrepreneurship,,Y,Y,Y,Y,
Women Founders,Y,Y,Y,Y,Y,
Women In STEM,,,,Y,Y,
Women In Tech,,,,Y,Y,
Women Startup,Y,Y,Y,Y,Y,
Women's Health,Y,Y,Y,Y,Y,
Word Of Mouth Marketing,,Y,Y,Y,Y,
Wordpress,,Y,Y,Y,Y,
Wordpress Design,,Y,Y,Y,Y,
WordPress Developer,,,,,,Y
Work/life Balance,Y,Y,Y,Y,Y,
Workers Compensation,,Y,Y,Y,Y,
Workflow,,Y,Y,Y,Y,
Workforce Development,,Y,Y,Y,Y,
Workforce Management,,Y,Y,Y,Y,
Workforce Planning,,Y,Y,Y,Y,
Wrestling,Y,Y,Y,Y,Y,
Writer,,Y,,,,Y
Writing,,Y,Y,Y,Y,
Writing Skills,,Y,Y,Y,Y,
WYSIWYG tools,,Y,Y,Y,Y,
Xcode,,Y,Y,Y,Y,
XML,,Y,Y,Y,Y,
Yachting,Y,Y,Y,Y,Y,
Yemen,,Y,,Y,Y,
Yield Management,,Y,Y,Y,Y,
Yoga,Y,Y,Y,Y,Y,
Yoga Instructor,,,,,,Y
Young Adults,Y,Y,Y,Y,Y,
Youth Development,Y,Y,Y,Y,Y,
Youth Empowerment,Y,Y,Y,Y,Y,
Youth Leadership,Y,Y,Y,Y,Y,
Youth Marketing,,Y,Y,Y,Y,
Youth Services,Y,Y,Y,Y,Y,
Youth Work,Y,Y,Y,Y,Y,
YouTube,,Y,,Y,Y,
Zambia,,Y,,Y,Y,
Zimbabwe,,Y,,Y,Y,